any,4954,6365,7666,10105,10884,11257,11428,11907,14879,18998,20703,23918,29068,29075,29127,29162,29186,40008,40097,40118,40272,40351
,,,,,,,,,,,,,,,,,,,,,,
,,,,,,,,,,,,,,,,,,,,,,
,,,,,,,,,,,,,,,,,,,,,,
,,,,,,,,,,,,,,,,,,,,,,
,,,,,,,,,,,,,,,,,,,,,,
,,,,,,,,,,,,,,,,,,,,,,
,,,,,,,,,,,,,,,,,,,,,,
,,,,,,,,,,,,,,,,,,,,,,
,,,,,,,,,,,,,,,,,,,,,,
,,,,,,,,,,,,,,,,,,,,,,
,,,,,,,,,,,,,,,,,,,,,,
,,,,,,,,,,,,,,,,,,,,,,
Y,1019,969,1019,1019,1019,1019,939,1019,999,979,999,959,1019,1019,999,1019,959,979,1019,1019,969,1019
Y,1389,1449,1389,1389,1389,1389,1499,1389,1389,1389,1389,1389,1389,1389,1389,1389,1389,1389,1389,1389,1389,1389
,,,,,,,,,,,,,,,,,,,,,,
,,,,,,,,,,,,,,,,,,,,,,
,,,,,,,,,,,,,,,,,,,,,,
,,,,,,,,,,,,,,,,,,,,,,
,,,,,,,,,,,,,,,,,,,,,,
,,,,,,,,,,,,,,,,,,,,,,
Y,299,299,299,299,299,299,319,299,299,299,299,299,299,299,299,299,299,299,299,299,299,299
,,,,,,,,,,,,,,,,,,,,,,
,,,,,,,,,,,,,,,,,,,,,,
,,,,,,,,,,,,,,,,,,,,,,
Y,629,619,589,599,599,629,619,589,,549,559,629,589,599,529,599,629,529,629,,539,
,,,,,,,,,,,,,,,,,,,,,,
,,,,,,,,,,,,,,,,,,,,,,
Y,219,219,,,219,219,,219,,,,219,219,,,,,,219,,,219
,,,,,,,,,,,,,,,,,,,,,,
,,,,,,,,,,,,,,,,,,,,,,
,,,,,,,,,,,,,,,,,,,,,,
Y,219,219,219,219,219,219,219,219,219,219,219,219,219,219,219,219,219,219,219,219,219,219
,,,,,,,,,,,,,,,,,,,,,,
,,,,,,,,,,,,,,,,,,,,,,
,,,,,,,,,,,,,,,,,,,,,,
,,,,,,,,,,,,,,,,,,,,,,
,,,,,,,,,,,,,,,,,,,,,,
,,,,,,,,,,,,,,,,,,,,,,
,,,,,,,,,,,,,,,,,,,,,,
,,,,,,,,,,,,,,,,,,,,,,
,,,,,,,,,,,,,,,,,,,,,,
,,,,,,,,,,,,,,,,,,,,,,
,,,,,,,,,,,,,,,,,,,,,,
,,,,,,,,,,,,,,,,,,,,,,
,,,,,,,,,,,,,,,,,,,,,,
,,,,,,,,,,,,,,,,,,,,,,
,,,,,,,,,,,,,,,,,,,,,,
,,,,,,,,,,,,,,,,,,,,,,
,,,,,,,,,,,,,,,,,,,,,,
,,,,,,,,,,,,,,,,,,,,,,
,,,,,,,,,,,,,,,,,,,,,,
,,,,,,,,,,,,,,,,,,,,,,
,,,,,,,,,,,,,,,,,,,,,,
,,,,,,,,,,,,,,,,,,,,,,
,,,,,,,,,,,,,,,,,,,,,,
,,,,,,,,,,,,,,,,,,,,,,
,,,,,,,,,,,,,,,,,,,,,,
,,,,,,,,,,,,,,,,,,,,,,
,,,,,,,,,,,,,,,,,,,,,,
,,,,,,,,,,,,,,,,,,,,,,
,,,,,,,,,,,,,,,,,,,,,,
,,,,,,,,,,,,,,,,,,,,,,
,,,,,,,,,,,,,,,,,,,,,,
,,,,,,,,,,,,,,,,,,,,,,
,,,,,,,,,,,,,,,,,,,,,,
,,,,,,,,,,,,,,,,,,,,,,
,,,,,,,,,,,,,,,,,,,,,,
,,,,,,,,,,,,,,,,,,,,,,
,,,,,,,,,,,,,,,,,,,,,,
,,,,,,,,,,,,,,,,,,,,,,
,,,,,,,,,,,,,,,,,,,,,,
Y,1699,1599,1679,1679,1679,1699,1499,1679,1659,1519,1519,1489,1679,1679,1499,1679,1489,1519,1699,1679,1519,1699
,,,,,,,,,,,,,,,,,,,,,,
,,,,,,,,,,,,,,,,,,,,,,
,,,,,,,,,,,,,,,,,,,,,,
,,,,,,,,,,,,,,,,,,,,,,
,,,,,,,,,,,,,,,,,,,,,,
,,,,,,,,,,,,,,,,,,,,,,
,,,,,,,,,,,,,,,,,,,,,,
,,,,,,,,,,,,,,,,,,,,,,
,,,,,,,,,,,,,,,,,,,,,,
,,,,,,,,,,,,,,,,,,,,,,
,,,,,,,,,,,,,,,,,,,,,,
,,,,,,,,,,,,,,,,,,,,,,
,,,,,,,,,,,,,,,,,,,,,,
,,,,,,,,,,,,,,,,,,,,,,
,,,,,,,,,,,,,,,,,,,,,,
,,,,,,,,,,,,,,,,,,,,,,
,,,,,,,,,,,,,,,,,,,,,,
,,,,,,,,,,,,,,,,,,,,,,
,,,,,,,,,,,,,,,,,,,,,,
,,,,,,,,,,,,,,,,,,,,,,
,,,,,,,,,,,,,,,,,,,,,,
,,,,,,,,,,,,,,,,,,,,,,
,,,,,,,,,,,,,,,,,,,,,,
,,,,,,,,,,,,,,,,,,,,,,
,,,,,,,,,,,,,,,,,,,,,,
,,,,,,,,,,,,,,,,,,,,,,
,,,,,,,,,,,,,,,,,,,,,,
,,,,,,,,,,,,,,,,,,,,,,
,,,,,,,,,,,,,,,,,,,,,,
,,,,,,,,,,,,,,,,,,,,,,
,,,,,,,,,,,,,,,,,,,,,,
,,,,,,,,,,,,,,,,,,,,,,
,,,,,,,,,,,,,,,,,,,,,,
,,,,,,,,,,,,,,,,,,,,,,
,,,,,,,,,,,,,,,,,,,,,,
,,,,,,,,,,,,,,,,,,,,,,
,,,,,,,,,,,,,,,,,,,,,,
,,,,,,,,,,,,,,,,,,,,,,
,,,,,,,,,,,,,,,,,,,,,,
,,,,,,,,,,,,,,,,,,,,,,
,,,,,,,,,,,,,,,,,,,,,,
,,,,,,,,,,,,,,,,,,,,,,
,,,,,,,,,,,,,,,,,,,,,,
,,,,,,,,,,,,,,,,,,,,,,
,,,,,,,,,,,,,,,,,,,,,,
,,,,,,,,,,,,,,,,,,,,,,
,,,,,,,,,,,,,,,,,,,,,,
,,,,,,,,,,,,,,,,,,,,,,
,,,,,,,,,,,,,,,,,,,,,,
,,,,,,,,,,,,,,,,,,,,,,
,,,,,,,,,,,,,,,,,,,,,,
,,,,,,,,,,,,,,,,,,,,,,
,,,,,,,,,,,,,,,,,,,,,,
,,,,,,,,,,,,,,,,,,,,,,
,,,,,,,,,,,,,,,,,,,,,,
,,,,,,,,,,,,,,,,,,,,,,
Y,739,799,739,739,739,739,799,739,739,739,739,739,739,739,739,739,739,739,739,739,739,739
,,,,,,,,,,,,,,,,,,,,,,
,,,,,,,,,,,,,,,,,,,,,,
,,,,,,,,,,,,,,,,,,,,,,
,,,,,,,,,,,,,,,,,,,,,,
,,,,,,,,,,,,,,,,,,,,,,
,,,,,,,,,,,,,,,,,,,,,,
,,,,,,,,,,,,,,,,,,,,,,
,,,,,,,,,,,,,,,,,,,,,,
Y,919,899,919,919,919,919,899,919,,899,899,1249,919,919,899,919,1249,899,919,,899,919
Y,919,899,919,919,919,919,899,919,919,899,899,1259,919,919,899,919,1259,899,919,919,899,919
Y,739,719,719,719,719,739,689,719,719,669,669,679,719,719,669,719,679,669,739,719,669,739
,,,,,,,,,,,,,,,,,,,,,,
,,,,,,,,,,,,,,,,,,,,,,
,,,,,,,,,,,,,,,,,,,,,,
,,,,,,,,,,,,,,,,,,,,,,
,,,,,,,,,,,,,,,,,,,,,,
,,,,,,,,,,,,,,,,,,,,,,
,,,,,,,,,,,,,,,,,,,,,,
,,,,,,,,,,,,,,,,,,,,,,
,,,,,,,,,,,,,,,,,,,,,,
,,,,,,,,,,,,,,,,,,,,,,
,,,,,,,,,,,,,,,,,,,,,,
,,,,,,,,,,,,,,,,,,,,,,
,,,,,,,,,,,,,,,,,,,,,,
,,,,,,,,,,,,,,,,,,,,,,
,,,,,,,,,,,,,,,,,,,,,,
,,,,,,,,,,,,,,,,,,,,,,
,,,,,,,,,,,,,,,,,,,,,,
,,,,,,,,,,,,,,,,,,,,,,
,,,,,,,,,,,,,,,,,,,,,,
,,,,,,,,,,,,,,,,,,,,,,
,,,,,,,,,,,,,,,,,,,,,,
,,,,,,,,,,,,,,,,,,,,,,
Y,,0,,,,,,,,,,,,,,,,,,,,
,,,,,,,,,,,,,,,,,,,,,,
,,,,,,,,,,,,,,,,,,,,,,
,,,,,,,,,,,,,,,,,,,,,,
,,,,,,,,,,,,,,,,,,,,,,
,,,,,,,,,,,,,,,,,,,,,,
,,,,,,,,,,,,,,,,,,,,,,
,,,,,,,,,,,,,,,,,,,,,,
,,,,,,,,,,,,,,,,,,,,,,
,,,,,,,,,,,,,,,,,,,,,,
,,,,,,,,,,,,,,,,,,,,,,
,,,,,,,,,,,,,,,,,,,,,,
,,,,,,,,,,,,,,,,,,,,,,
,,,,,,,,,,,,,,,,,,,,,,
,,,,,,,,,,,,,,,,,,,,,,
,,,,,,,,,,,,,,,,,,,,,,
Y,199,199,219,199,199,199,129/199,219,199,132/169,169,169,219,219,169,199,139,132/169,199,199,159,199
,,,,,,,,,,,,,,,,,,,,,,
Y,119,79,99,99,99,119,119,99,99,99,99,149,99,99,99,99,149,99,119,99,99,119
,,,,,,,,,,,,,,,,,,,,,,
Y,589,589,549,549,549,589,549,549,,519,499,549,549,549,499,549,549,499,589,,,
,,,,,,,,,,,,,,,,,,,,,,
,,,,,,,,,,,,,,,,,,,,,,
Y,539,549,519,519,519,539,519,519,519,499,539,539,519,519,539,519,529,539,539,519,539,539
,,,,,,,,,,,,,,,,,,,,,,
,,,,,,,,,,,,,,,,,,,,,,
Y,599,599,569,569,569,599,539,569,,549,589,589,569,569,589,569,589,589,599,,,
,,,,,,,,,,,,,,,,,,,,,,
,,,,,,,,,,,,,,,,,,,,,,
,,,,,,,,,,,,,,,,,,,,,,
,,,,,,,,,,,,,,,,,,,,,,
,,,,,,,,,,,,,,,,,,,,,,
,,,,,,,,,,,,,,,,,,,,,,
,,,,,,,,,,,,,,,,,,,,,,
,,,,,,,,,,,,,,,,,,,,,,
,,,,,,,,,,,,,,,,,,,,,,
,,,,,,,,,,,,,,,,,,,,,,
,,,,,,,,,,,,,,,,,,,,,,
,,,,,,,,,,,,,,,,,,,,,,
,,,,,,,,,,,,,,,,,,,,,,
,,,,,,,,,,,,,,,,,,,,,,
,,,,,,,,,,,,,,,,,,,,,,
,,,,,,,,,,,,,,,,,,,,,,
,,,,,,,,,,,,,,,,,,,,,,
,,,,,,,,,,,,,,,,,,,,,,
,,,,,,,,,,,,,,,,,,,,,,
,,,,,,,,,,,,,,,,,,,,,,
,,,,,,,,,,,,,,,,,,,,,,
,,,,,,,,,,,,,,,,,,,,,,
,,,,,,,,,,,,,,,,,,,,,,
,,,,,,,,,,,,,,,,,,,,,,
,,,,,,,,,,,,,,,,,,,,,,
,,,,,,,,,,,,,,,,,,,,,,
,,,,,,,,,,,,,,,,,,,,,,
,,,,,,,,,,,,,,,,,,,,,,
,,,,,,,,,,,,,,,,,,,,,,
,,,,,,,,,,,,,,,,,,,,,,
Y,199,239,249,249,249,199,199,249,,179,179,239,249,249,179,249,239,179,199,,,
,,,,,,,,,,,,,,,,,,,,,,
Y,659,619,619,639,619,659,599,619,,569,569,599,619,619,569,619,599,569,659,,,
,,,,,,,,,,,,,,,,,,,,,,
,,,,,,,,,,,,,,,,,,,,,,
,,,,,,,,,,,,,,,,,,,,,,
Y,659,619,619,639,619,659,599,619,,569,569,599,619,619,569,619,599,569,659,,,
,,,,,,,,,,,,,,,,,,,,,,
Y,319,319,319,319,319,319,319,319,,319,319,319,319,319,319,319,319,319,319,,,
,,,,,,,,,,,,,,,,,,,,,,
,,,,,,,,,,,,,,,,,,,,,,
,,,,,,,,,,,,,,,,,,,,,,
,,,,,,,,,,,,,,,,,,,,,,
,,,,,,,,,,,,,,,,,,,,,,
Y,739,679,699,709,719,739,659,699,,629,629,599,699,699,629,699,599,629,739,,,
,,,,,,,,,,,,,,,,,,,,,,
,,,,,,,,,,,,,,,,,,,,,,
,,,,,,,,,,,,,,,,,,,,,,
,,,,,,,,,,,,,,,,,,,,,,
,,,,,,,,,,,,,,,,,,,,,,
,,,,,,,,,,,,,,,,,,,,,,
,,,,,,,,,,,,,,,,,,,,,,
,,,,,,,,,,,,,,,,,,,,,,
Y,199,239,249,249,249,199,199,249,,179,179,239,249,249,179,249,239,179,199,,,
,,,,,,,,,,,,,,,,,,,,,,
Y,319,319,319,319,319,319,319,319,,319,319,319,319,319,319,319,319,319,319,,,
,,,,,,,,,,,,,,,,,,,,,,
Y,659,619,619,639,619,659,599,619,,569,569,599,619,619,569,619,599,569,659,,,
Y,739,679,699,709,719,739,659,699,,629,629,599,699,699,629,699,599,629,739,,,
,,,,,,,,,,,,,,,,,,,,,,
,,,,,,,,,,,,,,,,,,,,,,
Y,659,619,619,639,619,659,599,619,,569,569,599,619,619,569,619,599,569,659,,,
,,,,,,,,,,,,,,,,,,,,,,
,,,,,,,,,,,,,,,,,,,,,,
Y,659,619,619,639,619,659,599,619,,569,569,599,619,619,569,619,599,569,659,,,
,,,,,,,,,,,,,,,,,,,,,,
Y,659,619,619,639,619,659,599,619,,569,569,599,619,619,569,619,599,569,659,,,
,,,,,,,,,,,,,,,,,,,,,,
,,,,,,,,,,,,,,,,,,,,,,
Y,739,679,699,709,719,739,659,699,,629,629,599,699,699,629,699,599,629,739,,,
,,,,,,,,,,,,,,,,,,,,,,
,,,,,,,,,,,,,,,,,,,,,,
,,,,,,,,,,,,,,,,,,,,,,
,,,,,,,,,,,,,,,,,,,,,,
,,,,,,,,,,,,,,,,,,,,,,
,,,,,,,,,,,,,,,,,,,,,,
Y,319,319,319,319,319,319,319,319,,319,319,319,319,319,319,319,319,319,319,,,
,,,,,,,,,,,,,,,,,,,,,,
,,,,,,,,,,,,,,,,,,,,,,
,,,,,,,,,,,,,,,,,,,,,,
,,,,,,,,,,,,,,,,,,,,,,
,,,,,,,,,,,,,,,,,,,,,,
,,,,,,,,,,,,,,,,,,,,,,
,,,,,,,,,,,,,,,,,,,,,,
Y,,0,,,,,,,,,,,,,,,,,,,,
,,,,,,,,,,,,,,,,,,,,,,
Y,0,0,0,0,0,0,0,0,0,0,0,0,0,0,0,0,0,0,0,0,0,0
,,,,,,,,,,,,,,,,,,,,,,
,,,,,,,,,,,,,,,,,,,,,,
Y,0,0,0,0,0,0,0,0,,0,0,0,0,0,0,0,0,0,0,,0,0
,,,,,,,,,,,,,,,,,,,,,,
Y,739,719,749,749,749,739,749,749,749,649,669,699,749,749,679,749,699,659,739,749,659,739
,,,,,,,,,,,,,,,,,,,,,,
,,,,,,,,,,,,,,,,,,,,,,
,,,,,,,,,,,,,,,,,,,,,,
Y,639,619,619,619,619,639,599,619,619,379,399,629,619,619,399,599,629,389,639,599,389,639
,,,,,,,,,,,,,,,,,,,,,,
Y,169,169,179,179,169,169,169,179,179,169,169,169,179,179,169,179,169,169,169,179,169,169
,,,,,,,,,,,,,,,,,,,,,,
Y,169,169,179,179,179,169,169,179,179,169,169,169,179,179,169,179,169,169,169,179,169,169
Y,169,169,179,179,169,169,169,179,179,169,169,169,179,179,169,179,169,169,169,179,169,169
,,,,,,,,,,,,,,,,,,,,,,
,,,,,,,,,,,,,,,,,,,,,,
,,,,,,,,,,,,,,,,,,,,,,
,,,,,,,,,,,,,,,,,,,,,,
,,,,,,,,,,,,,,,,,,,,,,
,,,,,,,,,,,,,,,,,,,,,,
,,,,,,,,,,,,,,,,,,,,,,
,,,,,,,,,,,,,,,,,,,,,,
,,,,,,,,,,,,,,,,,,,,,,
,,,,,,,,,,,,,,,,,,,,,,
,,,,,,,,,,,,,,,,,,,,,,
,,,,,,,,,,,,,,,,,,,,,,
,,,,,,,,,,,,,,,,,,,,,,
,,,,,,,,,,,,,,,,,,,,,,
,,,,,,,,,,,,,,,,,,,,,,
,,,,,,,,,,,,,,,,,,,,,,
,,,,,,,,,,,,,,,,,,,,,,
,,,,,,,,,,,,,,,,,,,,,,
,,,,,,,,,,,,,,,,,,,,,,
,,,,,,,,,,,,,,,,,,,,,,
,,,,,,,,,,,,,,,,,,,,,,
,,,,,,,,,,,,,,,,,,,,,,
,,,,,,,,,,,,,,,,,,,,,,
,,,,,,,,,,,,,,,,,,,,,,
Y,1200,1249,1200,1200,1229,1200,1249,1229,,1200,1200,1200,1229,1200,1200,1229,1200,1200,1200,1229,1200,
,,,,,,,,,,,,,,,,,,,,,,
Y,1200,1249,,,,1200,1249,,,,,,,1200,,,1200,,1200,,,
,,,,,,,,,,,,,,,,,,,,,,
,,,,,,,,,,,,,,,,,,,,,,
,,,,,,,,,,,,,,,,,,,,,,
,,,,,,,,,,,,,,,,,,,,,,
,,,,,,,,,,,,,,,,,,,,,,
,,,,,,,,,,,,,,,,,,,,,,
,,,,,,,,,,,,,,,,,,,,,,
,,,,,,,,,,,,,,,,,,,,,,
,,,,,,,,,,,,,,,,,,,,,,
,,,,,,,,,,,,,,,,,,,,,,
,,,,,,,,,,,,,,,,,,,,,,
,,,,,,,,,,,,,,,,,,,,,,
Y,279,299,279,279,279,279,279,279,279,249,249,299,279,279,259,279,279,259,279,279,249,279
Y,199,199,199,199,199,199,179,199,199,139,139,,199,199,139,199,199,139,199,199,139,199
,,,,,,,,,,,,,,,,,,,,,,
Y,199,199,199,199,199,199,189,199,199,139,139,199,199,199,139,199,199,139,199,199,139,199
,,,,,,,,,,,,,,,,,,,,,,
,,,,,,,,,,,,,,,,,,,,,,
,,,,,,,,,,,,,,,,,,,,,,
Y,319,319,319,319,319,319,319,319,,319,319,319,319,319,319,319,319,319,319,,319,
,,,,,,,,,,,,,,,,,,,,,,
,,,,,,,,,,,,,,,,,,,,,,
,,,,,,,,,,,,,,,,,,,,,,
,,,,,,,,,,,,,,,,,,,,,,
,,,,,,,,,,,,,,,,,,,,,,
,,,,,,,,,,,,,,,,,,,,,,
,,,,,,,,,,,,,,,,,,,,,,
,,,,,,,,,,,,,,,,,,,,,,
,,,,,,,,,,,,,,,,,,,,,,
,,,,,,,,,,,,,,,,,,,,,,
,,,,,,,,,,,,,,,,,,,,,,
,,,,,,,,,,,,,,,,,,,,,,
,,,,,,,,,,,,,,,,,,,,,,
,,,,,,,,,,,,,,,,,,,,,,
,,,,,,,,,,,,,,,,,,,,,,
,,,,,,,,,,,,,,,,,,,,,,
,,,,,,,,,,,,,,,,,,,,,,
,,,,,,,,,,,,,,,,,,,,,,
,,,,,,,,,,,,,,,,,,,,,,
,,,,,,,,,,,,,,,,,,,,,,
,,,,,,,,,,,,,,,,,,,,,,
,,,,,,,,,,,,,,,,,,,,,,
,,,,,,,,,,,,,,,,,,,,,,
,,,,,,,,,,,,,,,,,,,,,,
Y,239,239,239,239,239,239,239,239,239,239,239,239,239,239,239,239,239,239,239,239,239,239
,,,,,,,,,,,,,,,,,,,,,,
,,,,,,,,,,,,,,,,,,,,,,
,,,,,,,,,,,,,,,,,,,,,,
,,,,,,,,,,,,,,,,,,,,,,
,,,,,,,,,,,,,,,,,,,,,,
,,,,,,,,,,,,,,,,,,,,,,
,,,,,,,,,,,,,,,,,,,,,,
Y,30,39,30,30,30,30,30,30,30,30,30,39,30,30,30,30,39,30,30,30,30,30
,,,,,,,,,,,,,,,,,,,,,,
,,,,,,,,,,,,,,,,,,,,,,
,,,,,,,,,,,,,,,,,,,,,,
,,,,,,,,,,,,,,,,,,,,,,
,,,,,,,,,,,,,,,,,,,,,,
,,,,,,,,,,,,,,,,,,,,,,
,,,,,,,,,,,,,,,,,,,,,,
,,,,,,,,,,,,,,,,,,,,,,
,,,,,,,,,,,,,,,,,,,,,,
,,,,,,,,,,,,,,,,,,,,,,
,,,,,,,,,,,,,,,,,,,,,,
,,,,,,,,,,,,,,,,,,,,,,
,,,,,,,,,,,,,,,,,,,,,,
,,,,,,,,,,,,,,,,,,,,,,
,,,,,,,,,,,,,,,,,,,,,,
,,,,,,,,,,,,,,,,,,,,,,
,,,,,,,,,,,,,,,,,,,,,,
,,,,,,,,,,,,,,,,,,,,,,
,,,,,,,,,,,,,,,,,,,,,,
,,,,,,,,,,,,,,,,,,,,,,
,,,,,,,,,,,,,,,,,,,,,,
Y,,159,,,159,,,159,,,,159,159,,,,,,,,,
,,,,,,,,,,,,,,,,,,,,,,
,,,,,,,,,,,,,,,,,,,,,,
,,,,,,,,,,,,,,,,,,,,,,
Y,159,159,159,159,159,159,159,159,159,159,159,159,159,159,159,159,159,159,159,159,159,159
,,,,,,,,,,,,,,,,,,,,,,
,,,,,,,,,,,,,,,,,,,,,,
,,,,,,,,,,,,,,,,,,,,,,
Y,,219,,,219,,,219,,,,219,219,,,,,,,,,
,,,,,,,,,,,,,,,,,,,,,,
,,,,,,,,,,,,,,,,,,,,,,
,,,,,,,,,,,,,,,,,,,,,,
,,,,,,,,,,,,,,,,,,,,,,
,,,,,,,,,,,,,,,,,,,,,,
Y,30,39,30,30,30,30,30,30,30,30,30,39,30,30,30,30,39,30,30,30,30,30
,,,,,,,,,,,,,,,,,,,,,,
,,,,,,,,,,,,,,,,,,,,,,
,,,,,,,,,,,,,,,,,,,,,,
,,,,,,,,,,,,,,,,,,,,,,
,,,,,,,,,,,,,,,,,,,,,,
Y,,,,,149,,,,149,,,,,,,,,,,149,,
,,,,,,,,,,,,,,,,,,,,,,
,,,,,,,,,,,,,,,,,,,,,,
,,,,,,,,,,,,,,,,,,,,,,
,,,,,,,,,,,,,,,,,,,,,,
,,,,,,,,,,,,,,,,,,,,,,
,,,,,,,,,,,,,,,,,,,,,,
,,,,,,,,,,,,,,,,,,,,,,
,,,,,,,,,,,,,,,,,,,,,,
,,,,,,,,,,,,,,,,,,,,,,
,,,,,,,,,,,,,,,,,,,,,,
,,,,,,,,,,,,,,,,,,,,,,
,,,,,,,,,,,,,,,,,,,,,,
,,,,,,,,,,,,,,,,,,,,,,
,,,,,,,,,,,,,,,,,,,,,,
,,,,,,,,,,,,,,,,,,,,,,
,,,,,,,,,,,,,,,,,,,,,,
,,,,,,,,,,,,,,,,,,,,,,
,,,,,,,,,,,,,,,,,,,,,,
,,,,,,,,,,,,,,,,,,,,,,
,,,,,,,,,,,,,,,,,,,,,,
,,,,,,,,,,,,,,,,,,,,,,
,,,,,,,,,,,,,,,,,,,,,,
,,,,,,,,,,,,,,,,,,,,,,
,,,,,,,,,,,,,,,,,,,,,,
,,,,,,,,,,,,,,,,,,,,,,
,,,,,,,,,,,,,,,,,,,,,,
,,,,,,,,,,,,,,,,,,,,,,
,,,,,,,,,,,,,,,,,,,,,,
,,,,,,,,,,,,,,,,,,,,,,
,,,,,,,,,,,,,,,,,,,,,,
,,,,,,,,,,,,,,,,,,,,,,
,,,,,,,,,,,,,,,,,,,,,,
,,,,,,,,,,,,,,,,,,,,,,
,,,,,,,,,,,,,,,,,,,,,,
,,,,,,,,,,,,,,,,,,,,,,
,,,,,,,,,,,,,,,,,,,,,,
Y,219,179,219,219,219,219,179,219,219,179,179,179,219,219,179,219,179,179,219,219,179,219
Y,599,479,599,599,599,599,529,599,599,479,479,479,599,599,479,599,479,479,599,599,479,599
,,,,,,,,,,,,,,,,,,,,,,
,,,,,,,,,,,,,,,,,,,,,,
Y,,599,,,599,,,,,,,,,599,,,,,,,,
Y,,599,,,599,,,,,,,,,599,,,,,,,,
Y,,599,,,599,,,,,,,,,599,,,,,,,,
Y,519,499,519,519,519,519,499,519,519,499,499,499,529,529,499,519,499,499,519,519,499,519
Y,519,499,519,519,519,519,499,519,,499,499,499,529,529,499,519,499,499,519,,,
Y,519,499,519,519,519,519,499,519,519,499,499,499,519,519,499,519,499,499,519,519,499,519
,,,,,,,,,,,,,,,,,,,,,,
,,,,,,,,,,,,,,,,,,,,,,
,,,,,,,,,,,,,,,,,,,,,,
,,,,,,,,,,,,,,,,,,,,,,
,,,,,,,,,,,,,,,,,,,,,,
,,,,,,,,,,,,,,,,,,,,,,
,,,,,,,,,,,,,,,,,,,,,,
,,,,,,,,,,,,,,,,,,,,,,
,,,,,,,,,,,,,,,,,,,,,,
Y,,519,,,499,,,,,,,,,499,,,,,,,,
Y,,519,,,499,,,,,,,,,499,,,,,,,,
Y,,519,,,499,,,,,,,,,499,,,,,,,,
Y,459,439,459,459,459,459,429,459,459,419,419,459,459,459,419,449,459,419,459,449,399,439
Y,459,439,459,459,459,459,429,459,,419,419,459,459,459,419,449,459,419,459,,,
Y,459,439,459,459,459,459,429,459,459,419,419,459,459,459,419,449,459,419,459,449,399,459
,,,,,,,,,,,,,,,,,,,,,,
,,,,,,,,,,,,,,,,,,,,,,
,,,,,,,,,,,,,,,,,,,,,,
,,,,,,,,,,,,,,,,,,,,,,
,,,,,,,,,,,,,,,,,,,,,,
,,,,,,,,,,,,,,,,,,,,,,
,,,,,,,,,,,,,,,,,,,,,,
Y,0,0,0,0,0,0,0,0,,0,0,0,0,0,0,0,0,0,0,0,0,0
,,,,,,,,,,,,,,,,,,,,,,
,,,,,,,,,,,,,,,,,,,,,,
Y,219,219,219,219,219,219,219,219,219,219,219,219,219,219,219,219,219,219,219,219,219,219
,,,,,,,,,,,,,,,,,,,,,,
,,,,,,,,,,,,,,,,,,,,,,
,,,,,,,,,,,,,,,,,,,,,,
Y,,15,15,15,15,,15,15,,,,15,15,15,,15,15,,,,30,
,,,,,,,,,,,,,,,,,,,,,,
,,,,,,,,,,,,,,,,,,,,,,
,,,,,,,,,,,,,,,,,,,,,,
,,,,,,,,,,,,,,,,,,,,,,
,,,,,,,,,,,,,,,,,,,,,,
,,,,,,,,,,,,,,,,,,,,,,
Y,339,339,339,339,339,339,299,339,339,339,339,339,339,339,339,339,339,339,339,339,339,339
,,,,,,,,,,,,,,,,,,,,,,
Y,339,339,339,339,339,339,299,339,339,339,339,339,339,339,339,339,339,339,339,339,339,339
,,,,,,,,,,,,,,,,,,,,,,
,,,,,,,,,,,,,,,,,,,,,,
,,,,,,,,,,,,,,,,,,,,,,
,,,,,,,,,,,,,,,,,,,,,,
,,,,,,,,,,,,,,,,,,,,,,
Y,,0,,,,,,,,,,,,,,,,,,,,
,,,,,,,,,,,,,,,,,,,,,,
,,,,,,,,,,,,,,,,,,,,,,
Y,60,60,60,60,60,60,60,60,,60,60,60,60,60,60,60,60,60,60,,,60
,,,,,,,,,,,,,,,,,,,,,,
Y,80,75,75,75,75,80,75,75,,75,75,75,75,75,75,75,75,75,80,,90,80
Y,449,449,449,449,449,449,449,449,449,399,419,419,449,449,399,449,419,389,449,449,419,449
Y,449,449,449,449,449,449,449,449,,399,419,419,449,449,399,449,419,389,449,,,449
Y,549,549,549,549,549,549,539/549,549,549,459,479,519,549,549,459,549,519,449,549,549,499,549
Y,549,549,549,549,549,549,539/549,549,549,459,479,519,549,549,459,549,519,449,549,549,499,549
,,,,,,,,,,,,,,,,,,,,,,
,,,,,,,,,,,,,,,,,,,,,,
,,,,,,,,,,,,,,,,,,,,,,
,,,,,,,,,,,,,,,,,,,,,,
,,,,,,,,,,,,,,,,,,,,,,
,,,,,,,,,,,,,,,,,,,,,,
,,,,,,,,,,,,,,,,,,,,,,
,,,,,,,,,,,,,,,,,,,,,,
,,,,,,,,,,,,,,,,,,,,,,
,,,,,,,,,,,,,,,,,,,,,,
,,,,,,,,,,,,,,,,,,,,,,
Y,,0,,,,,,,,,,,,,,,,,,,,
,,,,,,,,,,,,,,,,,,,,,,
,,,,,,,,,,,,,,,,,,,,,,
,,,,,,,,,,,,,,,,,,,,,,
,,,,,,,,,,,,,,,,,,,,,,
,,,,,,,,,,,,,,,,,,,,,,
,,,,,,,,,,,,,,,,,,,,,,
,,,,,,,,,,,,,,,,,,,,,,
,,,,,,,,,,,,,,,,,,,,,,
,,,,,,,,,,,,,,,,,,,,,,
,,,,,,,,,,,,,,,,,,,,,,
,,,,,,,,,,,,,,,,,,,,,,
,,,,,,,,,,,,,,,,,,,,,,
,,,,,,,,,,,,,,,,,,,,,,
,,,,,,,,,,,,,,,,,,,,,,
,,,,,,,,,,,,,,,,,,,,,,
,,,,,,,,,,,,,,,,,,,,,,
,,,,,,,,,,,,,,,,,,,,,,
,,,,,,,,,,,,,,,,,,,,,,
,,,,,,,,,,,,,,,,,,,,,,
,,,,,,,,,,,,,,,,,,,,,,
,,,,,,,,,,,,,,,,,,,,,,
,,,,,,,,,,,,,,,,,,,,,,
,,,,,,,,,,,,,,,,,,,,,,
,,,,,,,,,,,,,,,,,,,,,,
,,,,,,,,,,,,,,,,,,,,,,
,,,,,,,,,,,,,,,,,,,,,,
,,,,,,,,,,,,,,,,,,,,,,
,,,,,,,,,,,,,,,,,,,,,,
,,,,,,,,,,,,,,,,,,,,,,
,,,,,,,,,,,,,,,,,,,,,,
,,,,,,,,,,,,,,,,,,,,,,
,,,,,,,,,,,,,,,,,,,,,,
,,,,,,,,,,,,,,,,,,,,,,
,,,,,,,,,,,,,,,,,,,,,,
,,,,,,,,,,,,,,,,,,,,,,
,,,,,,,,,,,,,,,,,,,,,,
Y,989,969,899,919,919,989,879,919,919,829,869,879,919,919,879,899,879,839,989,899,839,989
,,,,,,,,,,,,,,,,,,,,,,
Y,219,199,219,219,219,219,229,219,,199,199,219,219,219,199,219,219,199,219,,,219
Y,,869,,,,,,,,,,789,,,,899,,,,,,
Y,919,889,919,919,919,919,849,899,899,849,859,919,919,899,839,899,919,839,919,899,869,919
,,,,,,,,,,,,,,,,,,,,,,
,,,,,,,,,,,,,,,,,,,,,,
Y,369,359,369,369,369,369,369,369,369,329,359,369,369,369,359,369,369,339,369,369,329,369
Y,499,469,479,479,479,499,479,469,459,419,419,499,479,479,419,479,499,419,499,479,419,499
,,,,,,,,,,,,,,,,,,,,,,
,,,,,,,,,,,,,,,,,,,,,,
,,,,,,,,,,,,,,,,,,,,,,
,,,,,,,,,,,,,,,,,,,,,,
,,,,,,,,,,,,,,,,,,,,,,
Y,1049,1049,1039,1039,1039,1049,1019,1039,1039,999,999,999,1039,1039,1019,1039,999,1019,1049,1039,999,1049
Y,1169,1139,1149,1149,1149,1169,1049,1149,1149,1059,1059,1019,1149,1149,1079,1149,1019,1079,1169,1149,949,1169
,,,,,,,,,,,,,,,,,,,,,,
,,,,,,,,,,,,,,,,,,,,,,
Y,1049,999,1029,1029,1029,1049,939,1029,1029,939,939,949,1029,1029,939,1029,949,939,1049,1029,939,1049
,,,,,,,,,,,,,,,,,,,,,,
,,,,,,,,,,,,,,,,,,,,,,
,,,,,,,,,,,,,,,,,,,,,,
,,,,,,,,,,,,,,,,,,,,,,
,,,,,,,,,,,,,,,,,,,,,,
,,,,,,,,,,,,,,,,,,,,,,
,,,,,,,,,,,,,,,,,,,,,,
,,,,,,,,,,,,,,,,,,,,,,
,,,,,,,,,,,,,,,,,,,,,,
,,,,,,,,,,,,,,,,,,,,,,
,,,,,,,,,,,,,,,,,,,,,,
,,,,,,,,,,,,,,,,,,,,,,
,,,,,,,,,,,,,,,,,,,,,,
Y,299,299,299,299,299,299,299,299,299,299,299,309,299,299,299,299,309,299,299,299,299,299
,,,,,,,,,,,,,,,,,,,,,,
,,,,,,,,,,,,,,,,,,,,,,
,,,,,,,,,,,,,,,,,,,,,,
,,,,,,,,,,,,,,,,,,,,,,
,,,,,,,,,,,,,,,,,,,,,,
,,,,,,,,,,,,,,,,,,,,,,
,,,,,,,,,,,,,,,,,,,,,,
,,,,,,,,,,,,,,,,,,,,,,
,,,,,,,,,,,,,,,,,,,,,,
,,,,,,,,,,,,,,,,,,,,,,
,,,,,,,,,,,,,,,,,,,,,,
,,,,,,,,,,,,,,,,,,,,,,
,,,,,,,,,,,,,,,,,,,,,,
,,,,,,,,,,,,,,,,,,,,,,
,,,,,,,,,,,,,,,,,,,,,,
,,,,,,,,,,,,,,,,,,,,,,
,,,,,,,,,,,,,,,,,,,,,,
,,,,,,,,,,,,,,,,,,,,,,
,,,,,,,,,,,,,,,,,,,,,,
,,,,,,,,,,,,,,,,,,,,,,
,,,,,,,,,,,,,,,,,,,,,,
,,,,,,,,,,,,,,,,,,,,,,
,,,,,,,,,,,,,,,,,,,,,,
,,,,,,,,,,,,,,,,,,,,,,
,,,,,,,,,,,,,,,,,,,,,,
,,,,,,,,,,,,,,,,,,,,,,
,,,,,,,,,,,,,,,,,,,,,,
,,,,,,,,,,,,,,,,,,,,,,
,,,,,,,,,,,,,,,,,,,,,,
,,,,,,,,,,,,,,,,,,,,,,
Y,179,189,179,179,179,179,149,179,179,139,169,189,179,179,169,179,179,169,179,179,139,179
Y,179,189,179,179,179,179,149,179,179,139,169,189,179,179,169,179,179,169,179,179,139,179
,,,,,,,,,,,,,,,,,,,,,,
Y,179,189,179,179,179,179,149,179,179,139,169,189,179,179,169,179,179,169,179,179,139,179
Y,179,189,179,179,179,179,149,179,179,139,169,189,179,179,169,179,179,169,179,179,139,179
Y,179,189,179,179,179,179,149,179,179,139,169,189,179,179,169,179,179,169,179,179,139,179
Y,179,189,179,179,179,179,149,179,179,139,169,189,179,179,169,179,179,169,179,179,139,179
Y,179,189,179,179,179,179,149,179,179,139,169,189,179,179,169,179,179,169,179,179,139,179
Y,179,189,179,179,179,179,139,179,179,139,159,189,179,179,159,179,179,159,179,179,139,179
,,,,,,,,,,,,,,,,,,,,,,
,,,,,,,,,,,,,,,,,,,,,,
,,,,,,,,,,,,,,,,,,,,,,
,,,,,,,,,,,,,,,,,,,,,,
Y,79/159,79/139,89/159,89/159,89/159,79/159,69/169,89/159,,79/139,79/139,149/159,89/159,89/159,79/139,89/159,149/159,79/139,79/159,,,79/159
Y,,199,199,199,199,,219,199,,199,199,,199,199,199,199,,199,,,,
,,,,,,,,,,,,,,,,,,,,,,
,,,,,,,,,,,,,,,,,,,,,,
,,,,,,,,,,,,,,,,,,,,,,
Y,30,40,30,30,30,30,30,30,30,30,30,29,30,30,30,30,29,30,30,30,30,30
,,,,,,,,,,,,,,,,,,,,,,
,,,,,,,,,,,,,,,,,,,,,,
,,,,,,,,,,,,,,,,,,,,,,
,,,,,,,,,,,,,,,,,,,,,,
,,,,,,,,,,,,,,,,,,,,,,
,,,,,,,,,,,,,,,,,,,,,,
,,,,,,,,,,,,,,,,,,,,,,
,,,,,,,,,,,,,,,,,,,,,,
,,,,,,,,,,,,,,,,,,,,,,
,,,,,,,,,,,,,,,,,,,,,,
,,,,,,,,,,,,,,,,,,,,,,
,,,,,,,,,,,,,,,,,,,,,,
,,,,,,,,,,,,,,,,,,,,,,
,,,,,,,,,,,,,,,,,,,,,,
Y,270/619,250/689,270/619,270/619,270/619,270/619,249/619,270/599,270/599,250/599,240/619,239/619,270/619,270/599,240/599,270/599,239/619,240/599,270/619,270/599,270/599,270/619
,,,,,,,,,,,,,,,,,,,,,,
Y,,0,,,,,,,,,,,,,,,,,,,,
,,,,,,,,,,,,,,,,,,,,,,
,,,,,,,,,,,,,,,,,,,,,,
,,,,,,,,,,,,,,,,,,,,,,
,,,,,,,,,,,,,,,,,,,,,,
,,,,,,,,,,,,,,,,,,,,,,
,,,,,,,,,,,,,,,,,,,,,,
,,,,,,,,,,,,,,,,,,,,,,
,,,,,,,,,,,,,,,,,,,,,,
,,,,,,,,,,,,,,,,,,,,,,
,,,,,,,,,,,,,,,,,,,,,,
,,,,,,,,,,,,,,,,,,,,,,
,,,,,,,,,,,,,,,,,,,,,,
,,,,,,,,,,,,,,,,,,,,,,
,,,,,,,,,,,,,,,,,,,,,,
,,,,,,,,,,,,,,,,,,,,,,
Y,519,519,549,549,549,519,499,549,549,499,499,519,549,549,499,549,519,499,519,549,499,519
,,,,,,,,,,,,,,,,,,,,,,
Y,479,459,459,459,469,479,449,469,469,459,459,479,459,469,459,469,479,469,479,469,459,479
Y,289,289,289,289,289,289,200,289,289,289,289,299,289,289,289,289,299,289,289,289,289,289
,,,,,,,,,,,,,,,,,,,,,,
Y,80,80,20,20,20,80,80,20,,80,80,80,20,20,80,20,80,80,80,,,
,,,,,,,,,,,,,,,,,,,,,,
Y,65,65,60,60,60,65,89,60,60,75,75,65,60,60,79,60,65,75,65,60,79,65
,,,,,,,,,,,,,,,,,,,,,,
Y,,80,,,,,,,,,,,80,,,,,,,,,
,,,,,,,,,,,,,,,,,,,,,,
,,,,,,,,,,,,,,,,,,,,,,
,,,,,,,,,,,,,,,,,,,,,,
Y,159,159,159,159,159,159,159,159,159,170,170,159,159,159,170,159,159,170,159,159,170,159
,,,,,,,,,,,,,,,,,,,,,,
,,,,,,,,,,,,,,,,,,,,,,
,,,,,,,,,,,,,,,,,,,,,,
,,,,,,,,,,,,,,,,,,,,,,
Y,65,40,30,30,30,65,49,30,30,30,30,99,35,30,30,30,99,30,65,30,30,65
,,,,,,,,,,,,,,,,,,,,,,
,,,,,,,,,,,,,,,,,,,,,,
,,,,,,,,,,,,,,,,,,,,,,
,,,,,,,,,,,,,,,,,,,,,,
,,,,,,,,,,,,,,,,,,,,,,
,,,,,,,,,,,,,,,,,,,,,,
,,,,,,,,,,,,,,,,,,,,,,
,,,,,,,,,,,,,,,,,,,,,,
Y,,494,489,489,489,,499,489,,,,499,489,489,,489,499,,,,474,
,,,,,,,,,,,,,,,,,,,,,,
,,,,,,,,,,,,,,,,,,,,,,
,,,,,,,,,,,,,,,,,,,,,,
,,,,,,,,,,,,,,,,,,,,,,
,,,,,,,,,,,,,,,,,,,,,,
Y,,494,489,489,489,,499,489,,,,499,489,489,,489,499,,,,474,
,,,,,,,,,,,,,,,,,,,,,,
,,,,,,,,,,,,,,,,,,,,,,
,,,,,,,,,,,,,,,,,,,,,,
,,,,,,,,,,,,,,,,,,,,,,
,,,,,,,,,,,,,,,,,,,,,,
,,,,,,,,,,,,,,,,,,,,,,
,,,,,,,,,,,,,,,,,,,,,,
,,,,,,,,,,,,,,,,,,,,,,
,,,,,,,,,,,,,,,,,,,,,,
,,,,,,,,,,,,,,,,,,,,,,
,,,,,,,,,,,,,,,,,,,,,,
,,,,,,,,,,,,,,,,,,,,,,
,,,,,,,,,,,,,,,,,,,,,,
,,,,,,,,,,,,,,,,,,,,,,
,,,,,,,,,,,,,,,,,,,,,,
,,,,,,,,,,,,,,,,,,,,,,
,,,,,,,,,,,,,,,,,,,,,,
,,,,,,,,,,,,,,,,,,,,,,
,,,,,,,,,,,,,,,,,,,,,,
,,,,,,,,,,,,,,,,,,,,,,
,,,,,,,,,,,,,,,,,,,,,,
,,,,,,,,,,,,,,,,,,,,,,
,,,,,,,,,,,,,,,,,,,,,,
,,,,,,,,,,,,,,,,,,,,,,
,,,,,,,,,,,,,,,,,,,,,,
,,,,,,,,,,,,,,,,,,,,,,
,,,,,,,,,,,,,,,,,,,,,,
,,,,,,,,,,,,,,,,,,,,,,
,,,,,,,,,,,,,,,,,,,,,,
,,,,,,,,,,,,,,,,,,,,,,
,,,,,,,,,,,,,,,,,,,,,,
,,,,,,,,,,,,,,,,,,,,,,
,,,,,,,,,,,,,,,,,,,,,,
,,,,,,,,,,,,,,,,,,,,,,
,,,,,,,,,,,,,,,,,,,,,,
,,,,,,,,,,,,,,,,,,,,,,
,,,,,,,,,,,,,,,,,,,,,,
Y,119,150,180,180,180,119,,180,180,60,60,100,180,180,60,180,100,60,119,180,60,119
,,,,,,,,,,,,,,,,,,,,,,
,,,,,,,,,,,,,,,,,,,,,,
,,,,,,,,,,,,,,,,,,,,,,
,,,,,,,,,,,,,,,,,,,,,,
,,,,,,,,,,,,,,,,,,,,,,
,,,,,,,,,,,,,,,,,,,,,,
,,,,,,,,,,,,,,,,,,,,,,
,,,,,,,,,,,,,,,,,,,,,,
,,,,,,,,,,,,,,,,,,,,,,
,,,,,,,,,,,,,,,,,,,,,,
,,,,,,,,,,,,,,,,,,,,,,
,,,,,,,,,,,,,,,,,,,,,,
,,,,,,,,,,,,,,,,,,,,,,
Y,0,0,0,0,0,0,0,0,0,0,0,0,0,0,0,0,0,0,0,0,0,0
Y,0,0,0,0,0,0,0,0,0,0,0,0,0,0,0,0,0,0,0,0,0,0
,,,,,,,,,,,,,,,,,,,,,,
,,,,,,,,,,,,,,,,,,,,,,
,,,,,,,,,,,,,,,,,,,,,,
,,,,,,,,,,,,,,,,,,,,,,
,,,,,,,,,,,,,,,,,,,,,,
Y,299,319,329,329,329,299,319,329,,319,319,319,329,329,319,329,319,319,299,,,299
Y,459,449,439,449,459,459,499,459,449,399,399,439,449,439,399,449,439,399,459,449,399,459
Y,379,359,359,359,359,379,359,359,359,329,329,359,359,359,289,359,359,329,379,359,319,379
Y,419,399,359,359,359,419,399,359,359,339,339,369,359,359,299,359,369,339,419,359,339,419
Y,419,399,359,359,359,419,399,359,359,339,339,359,359,359,299,359,359,339,419,359,,419
Y,379,359,359,359,339,379,329,359,359,329,329,319,359,359,299,359,319,329,379,359,319,379
Y,419,399,359,359,359,419,339,359,359,339,339,359,359,359,299,359,359,339,419,359,,419
,,,,,,,,,,,,,,,,,,,,,,
Y,169,169,169,169,169,169,169,169,169,159,159,159,169,169,159,169,159,159,169,169,159,169
Y,,369,,,350,,,,,,,399,350,350,,,399,,,,,
Y,,419,,,400,,429,,,,,449,400,400,,,449,,,,,
Y,,419,,,400,,,,,,,449,400,400,,,449,,,,,
Y,,419,,,400,,,,,,,449,400,400,,,449,,,,,
Y,,419,,,400,,,,,,,449,400,400,,,449,,,,,
Y,,419,,,400,,,,,,,449,400,400,,,449,,,,,
,,,,,,,,,,,,,,,,,,,,,,
Y,169,169,169,169,169,169,169,169,,159,159,150,169,169,159,169,150,159,169,,,169
,,,,,,,,,,,,,,,,,,,,,,
,,,,,,,,,,,,,,,,,,,,,,
,,,,,,,,,,,,,,,,,,,,,,
Y,419,419,429,429,429,419,429,429,,419,419,419,429,429,419,429,419,419,419,,,419
,,,,,,,,,,,,,,,,,,,,,,
,,,,,,,,,,,,,,,,,,,,,,
Y,459,449,439,449,459,459,499,459,,399,399,439,449,439,399,449,439,399,459,,399,459
Y,499,479,499,499,499,499,419,499,,439,439,469,499,499,439,499,469,439,499,,,499
Y,319,359,299,299,299,319,339,299,299,319,319,339,299,299,319,299,339,299,319,299,319,319
Y,319,359,299,299,299,339,339,299,299,319,319,339,299,299,319,299,339,299,319,299,319,319
,,,,,,,,,,,,,,,,,,,,,,
Y,319,359,299,299,299,319,339,299,299,319,319,339,299,299,319,299,339,299,319,299,319,319
,,,,,,,,,,,,,,,,,,,,,,
Y,319,359,299,299,299,339,319,299,299,319,319,339,299,299,319,299,339,299,319,299,319,319
Y,319,359,299,299,299,339,339,299,299,319,319,339,299,299,319,299,339,299,319,299,319,319
,,,,,,,,,,,,,,,,,,,,,,
Y,299,269,279,279,279,299,289,279,279,269,269,289,279,279,269,279,289,269,299,279,,299
Y,299,269,279,279,279,299,289,279,279,269,269,289,279,279,269,279,289,269,299,279,,299
Y,499,499,499,499,499,499,519,499,,479,479,499,499,499,479,499,499,479,499,,,
Y,499,499,499,499,499,499,519,499,,479,479,499,499,499,479,499,499,479,499,,,
Y,499,499,499,499,499,499,519,499,,479,479,499,499,499,479,499,499,479,499,,,
Y,419,419,429,429,429,419,429,429,,419,419,419,429,429,419,429,419,419,419,,,419
,,,,,,,,,,,,,,,,,,,,,,
,,,,,,,,,,,,,,,,,,,,,,
Y,459,479,459,459,459,459,459,459,,439,439,459,459,459,439,459,459,439,459,,,459
,,,,,,,,,,,,,,,,,,,,,,
,,,,,,,,,,,,,,,,,,,,,,
,,,,,,,,,,,,,,,,,,,,,,
Y,459,479,459,459,459,459,419,459,,439,439,439,459,459,439,459,439,439,459,,,
,,,,,,,,,,,,,,,,,,,,,,
Y,459,479,459,459,459,459,419,459,,439,439,439,459,459,439,459,439,439,459,,,459
,,,,,,,,,,,,,,,,,,,,,,
,,,,,,,,,,,,,,,,,,,,,,
,,,,,,,,,,,,,,,,,,,,,,
,,,,,,,,,,,,,,,,,,,,,,
,,,,,,,,,,,,,,,,,,,,,,
Y,207,239,219,219,219,207,219,219,219,207,217,219,219,219,207,219,219,207,207,219,207,207
Y,459,479,459,459,459,459,459,459,,429,429,439,459,459,429,459,439,429,459,,,459
,,,,,,,,,,,,,,,,,,,,,,
Y,319,359,299,299,299,319,339,299,299,319,319,339,299,299,319,299,339,299,319,299,319,319
Y,439,459,459,459,459,439,469,459,469,399,399,439,449,459,399,459,439,399,439,469,419,439
Y,439,459,459,459,459,439,449,459,469,399,399,439,449,459,399,459,439,399,439,449,399,439
Y,439,459,459,459,459,439,469,459,469,399,399,439,449,459,399,459,439,399,439,469,419,439
Y,349,349,319,319,319,349,349,319,,,319,339,319,319,,,339,,349,,,
Y,349,349,319,319,319,349,,319,,,319,379,319,319,,,379,,349,,,
Y,319,359,299,299,299,319,339,299,299,319,319,339,299,299,319,299,339,299,319,299,319,319
Y,389,429,479,479,479,389,389,479,,,389,409,479,479,389,479,409,369,389,,,
,,,,,,,,,,,,,,,,,,,,,,
Y,,,175,175,175,,,175,175,,,,175,175,,175,,,,175,,
,,,,,,,,,,,,,,,,,,,,,,
,,,,,,,,,,,,,,,,,,,,,,
Y,207,239,219,219,219,207,219,219,219,207,217,229,219,219,207,219,229,207,207,219,207,207
Y,,191,175,175,175,,149,175,175,154,154,151,175,175,154,175,151,154,,175,154,
Y,319,359,299,299,299,319,299,299,299,319,319,339,299,299,299,299,339,279,319,299,319,319
Y,,191,175,175,175,,149,175,175,154,154,151,175,175,154,175,151,154,,175,,
,,,,,,,,,,,,,,,,,,,,,,
Y,207,239,219,219,219,207,219,219,219,207,217,219,219,219,207,219,219,207,207,219,207,207
Y,,191,175,175,175,,149,175,175,154,154,151,175,175,154,175,151,154,,175,154,
,,,,,,,,,,,,,,,,,,,,,,
Y,207,239,219,219,219,207,219,219,219,207,217,219,219,219,207,219,219,207,207,219,207,207
,,,,,,,,,,,,,,,,,,,,,,
Y,,191,175,175,175,,149,175,175,154,154,151,175,175,154,175,151,154,,175,154,
,,,,,,,,,,,,,,,,,,,,,,
,,,,,,,,,,,,,,,,,,,,,,
,,,,,,,,,,,,,,,,,,,,,,
Y,299,299,299,299,299,299,299,299,299,299,299,299,299,299,299,299,299,299,299,299,299,299
Y,339,339,339,339,339,339,339,339,339,339,339,339,339,339,339,339,339,339,339,339,339,339
Y,389,389,359/389,359/389,359/389,389,389,359/389,359/389,389,389,359/389,359/389,359/389,389,359/389,359/389,389,389,359/389,389,389
,,,,,,,,,,,,,,,,,,,,,,
,,,,,,,,,,,,,,,,,,,,,,
,,,,,,,,,,,,,,,,,,,,,,
,,,,,,,,,,,,,,,,,,,,,,
,,,,,,,,,,,,,,,,,,,,,,
,,,,,,,,,,,,,,,,,,,,,,
Y,119,99,119,119,119,119,99,119,119,99,99,99,119,119,99,119,99,99,119,119,99,119
Y,,,,,,,,,,,,,,,,,,,,,139,
,,,,,,,,,,,,,,,,,,,,,,
Y,,,,,,,,,,,,,,,,,,,,,139,
,,,,,,,,,,,,,,,,,,,,,,
,,,,,,,,,,,,,,,,,,,,,,
,,,,,,,,,,,,,,,,,,,,,,
,,,,,,,,,,,,,,,,,,,,,,
,,,,,,,,,,,,,,,,,,,,,,
,,,,,,,,,,,,,,,,,,,,,,
,,,,,,,,,,,,,,,,,,,,,,
,,,,,,,,,,,,,,,,,,,,,,
,,,,,,,,,,,,,,,,,,,,,,
,,,,,,,,,,,,,,,,,,,,,,
,,,,,,,,,,,,,,,,,,,,,,
,,,,,,,,,,,,,,,,,,,,,,
,,,,,,,,,,,,,,,,,,,,,,
,,,,,,,,,,,,,,,,,,,,,,
,,,,,,,,,,,,,,,,,,,,,,
,,,,,,,,,,,,,,,,,,,,,,
,,,,,,,,,,,,,,,,,,,,,,
,,,,,,,,,,,,,,,,,,,,,,
,,,,,,,,,,,,,,,,,,,,,,
,,,,,,,,,,,,,,,,,,,,,,
,,,,,,,,,,,,,,,,,,,,,,
,,,,,,,,,,,,,,,,,,,,,,
,,,,,,,,,,,,,,,,,,,,,,
,,,,,,,,,,,,,,,,,,,,,,
,,,,,,,,,,,,,,,,,,,,,,
,,,,,,,,,,,,,,,,,,,,,,
,,,,,,,,,,,,,,,,,,,,,,
,,,,,,,,,,,,,,,,,,,,,,
,,,,,,,,,,,,,,,,,,,,,,
,,,,,,,,,,,,,,,,,,,,,,
Y,569,569,,569,569,569,,569,,569,569,569,,569,569,,569,589,569,,569,569
Y,569,569,569,569,569,569,569,569,569,569,569,569,569,569,569,569,569,589,569,569,569,569
Y,569,569,569,569,569,569,569,569,569,569,569,569,569,569,569,569,569,589,569,569,569,569
,,,,,,,,,,,,,,,,,,,,,,
,,,,,,,,,,,,,,,,,,,,,,
,,,,,,,,,,,,,,,,,,,,,,
,,,,,,,,,,,,,,,,,,,,,,
,,,,,,,,,,,,,,,,,,,,,,
,,,,,,,,,,,,,,,,,,,,,,
,,,,,,,,,,,,,,,,,,,,,,
,,,,,,,,,,,,,,,,,,,,,,
Y,499,499,499,499,499,499,499,499,499,499,499,539,499,499,499,499,539,519,499,499,499,499
,,,,,,,,,,,,,,,,,,,,,,
,,,,,,,,,,,,,,,,,,,,,,
Y,499,499,499,499,499,499,499,499,499,499,499,539,499,499,499,499,539,519,499,499,499,499
,,,,,,,,,,,,,,,,,,,,,,
Y,489,489,,489,489,489,,489,,489,489,469,,489,489,,469,519,489,,489,489
Y,489,489,489,489,489,489,489,489,489,489,489,539,489,489,489,489,539,519,489,489,489,489
Y,489,489,489,489,489,489,489,489,489,489,489,469,489,489,489,489,469,519,489,489,489,489
,,,,,,,,,,,,,,,,,,,,,,
Y,529,529,,529,529,529,,529,,529,529,539,,529,529,,539,549,529,,529,529
Y,529,529,529,529,529,529,529,529,529,529,529,569,529,529,529,529,569,549,529,529,529,529
Y,529,529,529,529,529,529,529,529,529,529,529,539,529,529,529,529,539,549,529,529,529,529
,,,,,,,,,,,,,,,,,,,,,,
,,,,,,,,,,,,,,,,,,,,,,
,,,,,,,,,,,,,,,,,,,,,,
,,,,,,,,,,,,,,,,,,,,,,
,,,,,,,,,,,,,,,,,,,,,,
,,,,,,,,,,,,,,,,,,,,,,
,,,,,,,,,,,,,,,,,,,,,,
,,,,,,,,,,,,,,,,,,,,,,
,,,,,,,,,,,,,,,,,,,,,,
,,,,,,,,,,,,,,,,,,,,,,
,,,,,,,,,,,,,,,,,,,,,,
Y,489,499,,489,489,489,,489,,489,489,499,,489,489,,489,519,489,,469,489
Y,489,489,489,489,489,489,400,489,489,489,489,489,489,489,489,489,489,519,489,489,469,489
Y,489,489,489,489,489,489,489,489,489,489,489,489,489,489,489,489,489,519,489,489,469,489
,,,,,,,,,,,,,,,,,,,,,,
Y,539,539,,539,539,539,,539,,539,539,549,,539,539,,549,559,539,,539,539
Y,539,539,539,539,539,539,539,539,539,539,539,539,539,539,539,539,539,559,539,539,539,539
Y,539,539,539,539,539,539,539,539,539,539,539,539,539,539,539,539,539,559,539,539,539,539
Y,539,539,,539,539,539,,539,,539,539,549,,539,539,,549,559,539,,,
Y,539,539,539,539,539,539,539,539,,539,539,539,539,539,539,539,539,559,539,,,
Y,539,539,539,539,539,539,539,539,,539,539,539,539,539,539,539,539,559,539,,,
Y,489,489,,489,489,489,,489,,489,489,489,,489,489,,489,519,489,,489,489
Y,489,489,489,489,489,489,489,489,489,489,489,489,489,489,489,489,489,519,489,489,489,489
Y,489,489,489,489,489,489,489,489,489,489,489,489,489,489,489,489,489,519,489,489,489,489
,,,,,,,,,,,,,,,,,,,,,,
,,,,,,,,,,,,,,,,,,,,,,
Y,399,399,379/399,379/399,379/399,399,399,379/399,379/399,379/399,379/399,379/399,379/399,379/399,379/399,379/399,379/399,379/399,399,379/399,399,399
,,,,,,,,,,,,,,,,,,,,,,
,,,,,,,,,,,,,,,,,,,,,,
,,,,,,,,,,,,,,,,,,,,,,
,,,,,,,,,,,,,,,,,,,,,,
,,,,,,,,,,,,,,,,,,,,,,
,,,,,,,,,,,,,,,,,,,,,,
,,,,,,,,,,,,,,,,,,,,,,
,,,,,,,,,,,,,,,,,,,,,,
Y,0,0,0,0,0,0,0,0,0,0,0,0,0,0,0,0,0,0,0,0,0,0
,,,,,,,,,,,,,,,,,,,,,,
,,,,,,,,,,,,,,,,,,,,,,
,,,,,,,,,,,,,,,,,,,,,,
,,,,,,,,,,,,,,,,,,,,,,
,,,,,,,,,,,,,,,,,,,,,,
,,,,,,,,,,,,,,,,,,,,,,
,,,,,,,,,,,,,,,,,,,,,,
,,,,,,,,,,,,,,,,,,,,,,
,,,,,,,,,,,,,,,,,,,,,,
,,,,,,,,,,,,,,,,,,,,,,
,,,,,,,,,,,,,,,,,,,,,,
Y,,319,,,,,329,,,319,319,200,,,319,,200,319,,,,
Y,459,459,459,459,459,459,459,459,,439,439,459,459,459,439,459,459,439,459,,,
Y,499,499,499,499,499,499,519,499,,479,479,499,499,499,479,499,499,479,499,,,
Y,389,399,419,419,419,389,399,419,,399,399,399,419,419,399,419,399,399,389,,,
,,,,,,,,,,,,,,,,,,,,,,
,,,,,,,,,,,,,,,,,,,,,,
,,,,,,,,,,,,,,,,,,,,,,
,,,,,,,,,,,,,,,,,,,,,,
,,,,,,,,,,,,,,,,,,,,,,
,,,,,,,,,,,,,,,,,,,,,,
,,,,,,,,,,,,,,,,,,,,,,
,,,,,,,,,,,,,,,,,,,,,,
Y,50,30/50,35/59,35/59,35/59,50,49/50,35/59,59,30/50,30/50,30/49,35/59,35/59,30/50,35/59,30/49,30/50,50,59,50,50
,,,,,,,,,,,,,,,,,,,,,,
,,,,,,,,,,,,,,,,,,,,,,
,,,,,,,,,,,,,,,,,,,,,,
,,,,,,,,,,,,,,,,,,,,,,
,,,,,,,,,,,,,,,,,,,,,,
,,,,,,,,,,,,,,,,,,,,,,
,,,,,,,,,,,,,,,,,,,,,,
,,,,,,,,,,,,,,,,,,,,,,
,,,,,,,,,,,,,,,,,,,,,,
,,,,,,,,,,,,,,,,,,,,,,
,,,,,,,,,,,,,,,,,,,,,,
,,,,,,,,,,,,,,,,,,,,,,
,,,,,,,,,,,,,,,,,,,,,,
,,,,,,,,,,,,,,,,,,,,,,
,,,,,,,,,,,,,,,,,,,,,,
,,,,,,,,,,,,,,,,,,,,,,
,,,,,,,,,,,,,,,,,,,,,,
,,,,,,,,,,,,,,,,,,,,,,
,,,,,,,,,,,,,,,,,,,,,,
,,,,,,,,,,,,,,,,,,,,,,
,,,,,,,,,,,,,,,,,,,,,,
,,,,,,,,,,,,,,,,,,,,,,
,,,,,,,,,,,,,,,,,,,,,,
,,,,,,,,,,,,,,,,,,,,,,
,,,,,,,,,,,,,,,,,,,,,,
,,,,,,,,,,,,,,,,,,,,,,
,,,,,,,,,,,,,,,,,,,,,,
,,,,,,,,,,,,,,,,,,,,,,
,,,,,,,,,,,,,,,,,,,,,,
,,,,,,,,,,,,,,,,,,,,,,
,,,,,,,,,,,,,,,,,,,,,,
,,,,,,,,,,,,,,,,,,,,,,
,,,,,,,,,,,,,,,,,,,,,,
,,,,,,,,,,,,,,,,,,,,,,
,,,,,,,,,,,,,,,,,,,,,,
,,,,,,,,,,,,,,,,,,,,,,
,,,,,,,,,,,,,,,,,,,,,,
,,,,,,,,,,,,,,,,,,,,,,
,,,,,,,,,,,,,,,,,,,,,,
,,,,,,,,,,,,,,,,,,,,,,
,,,,,,,,,,,,,,,,,,,,,,
,,,,,,,,,,,,,,,,,,,,,,
,,,,,,,,,,,,,,,,,,,,,,
,,,,,,,,,,,,,,,,,,,,,,
,,,,,,,,,,,,,,,,,,,,,,
,,,,,,,,,,,,,,,,,,,,,,
,,,,,,,,,,,,,,,,,,,,,,
,,,,,,,,,,,,,,,,,,,,,,
,,,,,,,,,,,,,,,,,,,,,,
,,,,,,,,,,,,,,,,,,,,,,
,,,,,,,,,,,,,,,,,,,,,,
,,,,,,,,,,,,,,,,,,,,,,
,,,,,,,,,,,,,,,,,,,,,,
,,,,,,,,,,,,,,,,,,,,,,
,,,,,,,,,,,,,,,,,,,,,,
,,,,,,,,,,,,,,,,,,,,,,
,,,,,,,,,,,,,,,,,,,,,,
,,,,,,,,,,,,,,,,,,,,,,
,,,,,,,,,,,,,,,,,,,,,,
,,,,,,,,,,,,,,,,,,,,,,
,,,,,,,,,,,,,,,,,,,,,,
,,,,,,,,,,,,,,,,,,,,,,
,,,,,,,,,,,,,,,,,,,,,,
,,,,,,,,,,,,,,,,,,,,,,
,,,,,,,,,,,,,,,,,,,,,,
,,,,,,,,,,,,,,,,,,,,,,
,,,,,,,,,,,,,,,,,,,,,,
,,,,,,,,,,,,,,,,,,,,,,
Y,,319,,,,,329,,,319,319,200,,,319,,200,319,,,,
Y,,319,,,,,329,,,319,319,200,,,319,,200,319,,,,
Y,,319,,,,,329,,,319,319,200,,,319,,200,319,,,,
,,,,,,,,,,,,,,,,,,,,,,
,,,,,,,,,,,,,,,,,,,,,,
,,,,,,,,,,,,,,,,,,,,,,
,,,,,,,,,,,,,,,,,,,,,,
,,,,,,,,,,,,,,,,,,,,,,
,,,,,,,,,,,,,,,,,,,,,,
,,,,,,,,,,,,,,,,,,,,,,
,,,,,,,,,,,,,,,,,,,,,,
,,,,,,,,,,,,,,,,,,,,,,
Y,,474,459,459,459,,449,459,,,,479,459,459,,459,479,,,,424,
,,,,,,,,,,,,,,,,,,,,,,
,,,,,,,,,,,,,,,,,,,,,,
,,,,,,,,,,,,,,,,,,,,,,
,,,,,,,,,,,,,,,,,,,,,,
,,,,,,,,,,,,,,,,,,,,,,
Y,,474,459,459,459,,459,459,,,,479,459,459,,459,479,,,,424,
,,,,,,,,,,,,,,,,,,,,,,
,,,,,,,,,,,,,,,,,,,,,,
,,,,,,,,,,,,,,,,,,,,,,
,,,,,,,,,,,,,,,,,,,,,,
,,,,,,,,,,,,,,,,,,,,,,
,,,,,,,,,,,,,,,,,,,,,,
,,,,,,,,,,,,,,,,,,,,,,
,,,,,,,,,,,,,,,,,,,,,,
,,,,,,,,,,,,,,,,,,,,,,
,,,,,,,,,,,,,,,,,,,,,,
,,,,,,,,,,,,,,,,,,,,,,
,,,,,,,,,,,,,,,,,,,,,,
,,,,,,,,,,,,,,,,,,,,,,
,,,,,,,,,,,,,,,,,,,,,,
,,,,,,,,,,,,,,,,,,,,,,
,,,,,,,,,,,,,,,,,,,,,,
,,,,,,,,,,,,,,,,,,,,,,
,,,,,,,,,,,,,,,,,,,,,,
,,,,,,,,,,,,,,,,,,,,,,
,,,,,,,,,,,,,,,,,,,,,,
,,,,,,,,,,,,,,,,,,,,,,
,,,,,,,,,,,,,,,,,,,,,,
,,,,,,,,,,,,,,,,,,,,,,
,,,,,,,,,,,,,,,,,,,,,,
,,,,,,,,,,,,,,,,,,,,,,
,,,,,,,,,,,,,,,,,,,,,,
,,,,,,,,,,,,,,,,,,,,,,
,,,,,,,,,,,,,,,,,,,,,,
,,,,,,,,,,,,,,,,,,,,,,
,,,,,,,,,,,,,,,,,,,,,,
,,,,,,,,,,,,,,,,,,,,,,
,,,,,,,,,,,,,,,,,,,,,,
,,,,,,,,,,,,,,,,,,,,,,
,,,,,,,,,,,,,,,,,,,,,,
,,,,,,,,,,,,,,,,,,,,,,
,,,,,,,,,,,,,,,,,,,,,,
,,,,,,,,,,,,,,,,,,,,,,
,,,,,,,,,,,,,,,,,,,,,,
,,,,,,,,,,,,,,,,,,,,,,
,,,,,,,,,,,,,,,,,,,,,,
,,,,,,,,,,,,,,,,,,,,,,
Y,669,689,699,699,699,669,649,699,699,599,599,649,699,699,599,699,649,599,669,699,599,669
Y,769,739,739,739,739,769,699,739,739,649,649,699,739,739,649,739,699,649,769,739,669,769
,,,,,,,,,,,,,,,,,,,,,,
,,,,,,,,,,,,,,,,,,,,,,
,,,,,,,,,,,,,,,,,,,,,,
,,,,,,,,,,,,,,,,,,,,,,
,,,,,,,,,,,,,,,,,,,,,,
,,,,,,,,,,,,,,,,,,,,,,
,,,,,,,,,,,,,,,,,,,,,,
,,,,,,,,,,,,,,,,,,,,,,
,,,,,,,,,,,,,,,,,,,,,,
,,,,,,,,,,,,,,,,,,,,,,
Y,499,489,469,469,469,499,489,469,,449,439,469,469,469,439,469,469,439,499,,,
,,,,,,,,,,,,,,,,,,,,,,
Y,719,699,669,669,649,719,699,669,,649,669,679,649,669,669,669,669,669,719,,,
,,,,,,,,,,,,,,,,,,,,,,
Y,849,829,859,859,859,849,779,859,859,749,749,799,859,859,749,859,799,749,849,859,749,849
,,,,,,,,,,,,,,,,,,,,,,
Y,899,879,909,909,909,899,829,909,909,799,799,839,909,909,799,909,839,799,899,909,799,899
,,,,,,,,,,,,,,,,,,,,,,
Y,999,999,999,999,999,999,919,999,999,879,879,929,999,999,879,999,929,879,999,999,879,999
,,,,,,,,,,,,,,,,,,,,,,
,,,,,,,,,,,,,,,,,,,,,,
Y,1049,1049,1049,1049,1049,1049,969,1049,1049,929,929,979,1049,1049,929,1049,979,929,1049,1049,929,1049
Y,869,849,899,899,899,869,819,899,899,779,779,829,899,899,779,899,829,779,869,899,779,869
,,,,,,,,,,,,,,,,,,,,,,
Y,1049,1019,1069,1069,1069,1049,949,1069,1069,909,909,969,1069,1069,909,1069,969,909,1049,1069,909,1049
,,,,,,,,,,,,,,,,,,,,,,
,,,,,,,,,,,,,,,,,,,,,,
Y,379,379,379,379,379,379,379,379,379,379,379,379,379,379,379,379,379,379,379,379,379,379
,,,,,,,,,,,,,,,,,,,,,,
,,,,,,,,,,,,,,,,,,,,,,
,,,,,,,,,,,,,,,,,,,,,,
Y,649,579,599,599,599,649,579,599,,,,579,599,599,,599,,,649,599,,649
Y,549,479,499,499,499,549,,499,,,,479,499,499,,499,,,549,499,,549
,,,,,,,,,,,,,,,,,,,,,,
,,,,,,,,,,,,,,,,,,,,,,
,,,,,,,,,,,,,,,,,,,,,,
,,,,,,,,,,,,,,,,,,,,,,
,,,,,,,,,,,,,,,,,,,,,,
,,,,,,,,,,,,,,,,,,,,,,
Y,439,439,459,439,439,439,419,439,439,419,419,419,439,459,419,439,419,419,439,439,419,439
Y,619,619,619,619,619,619,589,619,619,589,589,549,619,619,589,619,549,589,619,579,589,619
,,,,,,,,,,,,,,,,,,,,,,
,,,,,,,,,,,,,,,,,,,,,,
Y,669,659,639,639,619,669,619,639,619,619,639,649,619,639,639,639,639,639,669,619,639,649/669
,,,,,,,,,,,,,,,,,,,,,,
Y,119,99,119,119,119,119,99,119,119,99,99,99,119,119,99,119,99,99,119,119,99,119
Y,119,99,119,119,119,119,99,119,119,99,99,99,119,119,99,119,99,99,119,119,99,119
Y,619,619,619,619,619,619,599,619,619,599,599,619,619,619,599,619,619,599,619,619,599,619
,,,,,,,,,,,,,,,,,,,,,,
Y,669,619,649,649,649,669,649,649,649,649,649,649,649,649,649,649,649,649,669,649,649,669
,,,,,,,,,,,,,,,,,,,,,,
Y,649,649,649,649,649,649,629,649,649,629,629,649,649,649,629,649,649,629,649,649,629,649
,,,,,,,,,,,,,,,,,,,,,,
,,,,,,,,,,,,,,,,,,,,,,
,,,,,,,,,,,,,,,,,,,,,,
,,,,,,,,,,,,,,,,,,,,,,
,,,,,,,,,,,,,,,,,,,,,,
,,,,,,,,,,,,,,,,,,,,,,
,,,,,,,,,,,,,,,,,,,,,,
,,,,,,,,,,,,,,,,,,,,,,
,,,,,,,,,,,,,,,,,,,,,,
,,,,,,,,,,,,,,,,,,,,,,
,,,,,,,,,,,,,,,,,,,,,,
Y,969,969,979,979,979,969,899,979,,729,699,899,979,979,739,979,899,739,969,,,
Y,969,969,979,979,979,969,899,979,,729,699,899,979,979,739,979,899,739,969,,,
,,,,,,,,,,,,,,,,,,,,,,
,,,,,,,,,,,,,,,,,,,,,,
Y,969,969,979,979,979,969,899,,,799,799,899,979,,799,,899,799,969,,,
,,,,,,,,,,,,,,,,,,,,,,
Y,969,969,979,979,979,969,899,979,,799,779,919,979,979,779,979,919,779,969,,,
Y,969,969,979,979,979,969,899,979,,799,779,899,979,979,779,979,899,779,969,,,
Y,969,969,979,979,979,969,899,,,799,799,899,979,,799,,899,799,969,,,
,,,,,,,,,,,,,,,,,,,,,,
,,,,,,,,,,,,,,,,,,,,,,
,,,,,,,,,,,,,,,,,,,,,,
,,,,,,,,,,,,,,,,,,,,,,
,,,,,,,,,,,,,,,,,,,,,,
,,,,,,,,,,,,,,,,,,,,,,
,,,,,,,,,,,,,,,,,,,,,,
,,,,,,,,,,,,,,,,,,,,,,
,,,,,,,,,,,,,,,,,,,,,,
,,,,,,,,,,,,,,,,,,,,,,
,,,,,,,,,,,,,,,,,,,,,,
,,,,,,,,,,,,,,,,,,,,,,
,,,,,,,,,,,,,,,,,,,,,,
,,,,,,,,,,,,,,,,,,,,,,
,,,,,,,,,,,,,,,,,,,,,,
,,,,,,,,,,,,,,,,,,,,,,
,,,,,,,,,,,,,,,,,,,,,,
,,,,,,,,,,,,,,,,,,,,,,
,,,,,,,,,,,,,,,,,,,,,,
,,,,,,,,,,,,,,,,,,,,,,
,,,,,,,,,,,,,,,,,,,,,,
,,,,,,,,,,,,,,,,,,,,,,
,,,,,,,,,,,,,,,,,,,,,,
,,,,,,,,,,,,,,,,,,,,,,
,,,,,,,,,,,,,,,,,,,,,,
,,,,,,,,,,,,,,,,,,,,,,
,,,,,,,,,,,,,,,,,,,,,,
,,,,,,,,,,,,,,,,,,,,,,
,,,,,,,,,,,,,,,,,,,,,,
,,,,,,,,,,,,,,,,,,,,,,
,,,,,,,,,,,,,,,,,,,,,,
,,,,,,,,,,,,,,,,,,,,,,
,,,,,,,,,,,,,,,,,,,,,,
,,,,,,,,,,,,,,,,,,,,,,
,,,,,,,,,,,,,,,,,,,,,,
,,,,,,,,,,,,,,,,,,,,,,
,,,,,,,,,,,,,,,,,,,,,,
,,,,,,,,,,,,,,,,,,,,,,
,,,,,,,,,,,,,,,,,,,,,,
,,,,,,,,,,,,,,,,,,,,,,
Y,30,39,30,30,30,30,60,30,30,30,30,,30,30,30,30,,30,30,30,30,30
,,,,,,,,,,,,,,,,,,,,,,
,,,,,,,,,,,,,,,,,,,,,,
,,,,,,,,,,,,,,,,,,,,,,
,,,,,,,,,,,,,,,,,,,,,,
,,,,,,,,,,,,,,,,,,,,,,
Y,279,279,289,289,289,279,279,289,,279,279,279,289,289,279,289,279,279,279,,,279
,,,,,,,,,,,,,,,,,,,,,,
Y,399,419,399,399,399,399,399,399,419,379,369,399,399,399,359,399,399,379,399,399,379,399
Y,319,319,299,299,299,319,299,299,299,279,279,299,299,299,269,299,299,279,319,299,279,319
Y,359,359,299,299,299,359,339,299,299,289,289,319,279,299,279,299,319,289,359,279,289,359
Y,359,359,299,299,299,359,339,299,299,289,289,319,279,299,279,299,319,289,359,279,,359
Y,319,319,299,299,279,319,279,299,299,279,269,229,299,299,269,299,229,279,319,299,279,319
Y,359,359,299,299,299,359,299,299,299,289,289,319,279,299,279,299,319,289,359,279,,359
,,,,,,,,,,,,,,,,,,,,,,
Y,139,139,139,139,139,139,139,139,139,129,129,129,139,139,129,139,129,129,139,139,129,139
Y,,319,,,300,,,,,,,349,300,300,,,349,,,,,
Y,,369,,,350,,389,,,,,399,350,350,,,399,,,,,
Y,,369,,,350,,,,,,,399,350,350,,,399,,,,,
Y,,369,,,350,,,,,,,399,350,350,,,399,,,,,
Y,,369,,,350,,,,,,,399,350,350,,,399,,,,,
Y,,369,,,350,,,,,,,399,350,350,,,399,,,,,
,,,,,,,,,,,,,,,,,,,,,,
Y,139,139,139,139,139,139,139,139,,129,129,125,139,139,129,139,125,129,139,,,139
,,,,,,,,,,,,,,,,,,,,,,
,,,,,,,,,,,,,,,,,,,,,,
,,,,,,,,,,,,,,,,,,,,,,
Y,369,369,379,379,379,369,389,379,,369,369,369,379,379,369,379,369,369,369,,,369
,,,,,,,,,,,,,,,,,,,,,,
Y,399,419,399,399,399,399,399,399,,379,369,399,399,399,359,399,399,379,399,,379,399
Y,439,419,439,439,439,439,379,439,,419,399,439,439,439,419,439,439,419,439,,,439
Y,279,299,279,279,279,279,269,279,279,249,249,299,279,279,259,279,279,259,279,279,249,279
Y,279,299,279,279,279,279,269,279,279,249,249,299,279,279,259,279,279,259,279,279,249,279
,,,,,,,,,,,,,,,,,,,,,,
Y,279,299,279,279,279,279,269,279,279,249,249,299,279,279,259,279,279,259,279,279,249,279
,,,,,,,,,,,,,,,,,,,,,,
,,,,,,,,,,,,,,,,,,,,,,
Y,279,299,279,279,279,279,269,279,279,249,249,299,279,279,259,279,279,259,279,279,249,279
Y,279,299,279,279,279,279,269,279,279,249,249,299,279,279,259,279,279,259,279,279,249,279
Y,249,249,249,249,249,249,259,249,249,249,249,259,249,249,249,249,259,249,249,249,,249
Y,249,249,249,249,249,249,259,249,249,249,249,259,249,249,249,249,259,249,249,249,,249
Y,459,459,459,459,459,459,459,459,,439,439,459,459,459,439,459,459,439,459,,,
Y,459,459,459,459,459,459,459,459,,439,439,469,459,459,439,459,469,439,459,,,
Y,459,459,459,459,459,459,459,459,,439,439,459,459,459,439,459,459,439,459,,,
Y,369,369,379,379,379,369,389,379,,369,369,369,379,379,369,379,369,369,369,,,369
,,,,,,,,,,,,,,,,,,,,,,
Y,419,429,419,419,419,419,399,419,,389,389,419,419,419,389,419,419,389,419,,,419
,,,,,,,,,,,,,,,,,,,,,,
,,,,,,,,,,,,,,,,,,,,,,
,,,,,,,,,,,,,,,,,,,,,,
,,,,,,,,,,,,,,,,,,,,,,
Y,419,429,419,419,419,419,369,419,,389,389,389,419,419,389,419,389,389,419,,,
,,,,,,,,,,,,,,,,,,,,,,
,,,,,,,,,,,,,,,,,,,,,,
Y,419,429,419,419,419,419,369,419,,389,389,389,419,419,389,419,389,389,419,,,419
,,,,,,,,,,,,,,,,,,,,,,
,,,,,,,,,,,,,,,,,,,,,,
,,,,,,,,,,,,,,,,,,,,,,
,,,,,,,,,,,,,,,,,,,,,,
,,,,,,,,,,,,,,,,,,,,,,
Y,183,219,189,189,189,183,189,189,189,183,183,199,189,189,183,189,199,183,183,189,183,183
Y,419,429,419,419,419,419,419,419,,379,379,389,419,419,379,419,389,379,419,,,419
,,,,,,,,,,,,,,,,,,,,,,
Y,279,299,279,279,279,279,269,279,279,249,249,299,279,279,259,279,279,259,279,279,249,279
Y,419,439,439,439,439,419,439,439,439,379,389,419,439,439,379,439,419,389,419,399,359,419
Y,419,439,439,439,439,419,419,439,439,359,389,419,439,439,359,439,419,389,419,399,359,419
Y,419,439,439,439,439,419,439,439,439,379,389,419,439,439,379,439,419,389,419,399,359,419
Y,299,299,269,269,269,299,299,269,,,269,299,269,269,,,299,,299,,,
Y,299,299,269,269,269,299,,269,,,269,329,269,269,,,329,,299,,,
Y,279,299,279,279,279,279,269,279,279,249,249,299,279,279,259,279,279,259,279,279,249,279
Y,339,359,339,339,339,339,319,339,,,309,339,339,339,319,339,339,319,339,,,
,,,,,,,,,,,,,,,,,,,,,,
Y,,,151,151,151,,,151,151,,,,151,151,,151,,,,151,,
,,,,,,,,,,,,,,,,,,,,,,
,,,,,,,,,,,,,,,,,,,,,,
Y,183,219,189,189,189,183,189,189,189,183,183,199,189,189,183,189,199,183,183,189,183,183
Y,,175,151,151,151,,129,151,151,141,141,143,151,151,141,151,143,141,,151,141,
Y,279,299,279,279,279,279,269,279,279,249,249,299,279,279,259,279,279,249,279,279,249,279
Y,,175,151,151,151,,129,151,151,141,141,143,151,151,141,151,143,141,,151,,
,,,,,,,,,,,,,,,,,,,,,,
Y,183,219,189,189,189,183,189,189,189,183,183,199,189,189,183,189,199,183,183,189,183,183
Y,,175,151,151,151,,129,151,151,141,141,143,151,151,141,151,143,141,,151,141,
,,,,,,,,,,,,,,,,,,,,,,
Y,183,219,189,189,189,183,189,189,189,183,183,199,189,189,183,189,199,183,183,189,183,183
,,,,,,,,,,,,,,,,,,,,,,
Y,,175,151,151,151,,129,151,151,141,141,143,151,151,141,151,143,141,,151,141,
,,,,,,,,,,,,,,,,,,,,,,
,,,,,,,,,,,,,,,,,,,,,,
,,,,,,,,,,,,,,,,,,,,,,
Y,149,149,149,149,149,149,169,149,149,149,149,169,149,149,149,149,169,149,149,149,149,149
Y,,239,,,239,,,,,,,239,,,,,,,,,,
,,,,,,,,,,,,,,,,,,,,,,
Y,239,239,239,239,239,239,239,239,239,239,239,239,239,239,239,239,239,239,239,239,239,239
,,,,,,,,,,,,,,,,,,,,,,
Y,239,239,239,239,239,239,239,239,239,239,239,239,239,239,239,239,239,239,239,239,239,239
Y,239,239,239,239,239,239,239,239,,239,239,239,239,239,239,239,239,239,239,239,,239
,,,,,,,,,,,,,,,,,,,,,,
Y,239,239,239,239,239,239,239,239,,239,239,239,239,239,239,239,239,239,239,,,
Y,239,239,239,239,239,239,239,239,239,239,239,239,239,239,239,239,239,239,239,239,239,239
,,,,,,,,,,,,,,,,,,,,,,
,,,,,,,,,,,,,,,,,,,,,,
,,,,,,,,,,,,,,,,,,,,,,
,,,,,,,,,,,,,,,,,,,,,,
,,,,,,,,,,,,,,,,,,,,,,
,,,,,,,,,,,,,,,,,,,,,,
,,,,,,,,,,,,,,,,,,,,,,
,,,,,,,,,,,,,,,,,,,,,,
,,,,,,,,,,,,,,,,,,,,,,
,,,,,,,,,,,,,,,,,,,,,,
,,,,,,,,,,,,,,,,,,,,,,
Y,539,549,519,519,519,539,489,519,519,519,519,479/519,519,519,519,519,479/519,519,539,519,519,539
,,,,,,,,,,,,,,,,,,,,,,
,,,,,,,,,,,,,,,,,,,,,,
,,,,,,,,,,,,,,,,,,,,,,
,,,,,,,,,,,,,,,,,,,,,,
,,,,,,,,,,,,,,,,,,,,,,
,,,,,,,,,,,,,,,,,,,,,,
,,,,,,,,,,,,,,,,,,,,,,
,,,,,,,,,,,,,,,,,,,,,,
Y,599,599,569,569,569,599,539,569,,569,569,529,569,569,569,569,529,569,599,,,
Y,129,130,220,220,220,129,130,220,220,130,130,169,220,220,130,220,169,130,129,220,130,129
,,,,,,,,,,,,,,,,,,,,,,
,,,,,,,,,,,,,,,,,,,,,,
,,,,,,,,,,,,,,,,,,,,,,
,,,,,,,,,,,,,,,,,,,,,,
,,,,,,,,,,,,,,,,,,,,,,
,,,,,,,,,,,,,,,,,,,,,,
,,,,,,,,,,,,,,,,,,,,,,
,,,,,,,,,,,,,,,,,,,,,,
,,,,,,,,,,,,,,,,,,,,,,
,,,,,,,,,,,,,,,,,,,,,,
,,,,,,,,,,,,,,,,,,,,,,
,,,,,,,,,,,,,,,,,,,,,,
,,,,,,,,,,,,,,,,,,,,,,
,,,,,,,,,,,,,,,,,,,,,,
,,,,,,,,,,,,,,,,,,,,,,
,,,,,,,,,,,,,,,,,,,,,,
Y,30,39,30,30,30,30,30,30,30,30,30,30,30,30,30,30,30,30,30,30,30,30
,,,,,,,,,,,,,,,,,,,,,,
Y,,434,399,399,399,,399,399,,,,419,399,399,,399,419,,,,374,
,,,,,,,,,,,,,,,,,,,,,,
,,,,,,,,,,,,,,,,,,,,,,
,,,,,,,,,,,,,,,,,,,,,,
,,,,,,,,,,,,,,,,,,,,,,
Y,,434,399,399,399,,399,399,,,,419,399,399,,399,419,,,,374,
,,,,,,,,,,,,,,,,,,,,,,
,,,,,,,,,,,,,,,,,,,,,,
,,,,,,,,,,,,,,,,,,,,,,
,,,,,,,,,,,,,,,,,,,,,,
,,,,,,,,,,,,,,,,,,,,,,
,,,,,,,,,,,,,,,,,,,,,,
,,,,,,,,,,,,,,,,,,,,,,
,,,,,,,,,,,,,,,,,,,,,,
,,,,,,,,,,,,,,,,,,,,,,
,,,,,,,,,,,,,,,,,,,,,,
,,,,,,,,,,,,,,,,,,,,,,
,,,,,,,,,,,,,,,,,,,,,,
,,,,,,,,,,,,,,,,,,,,,,
,,,,,,,,,,,,,,,,,,,,,,
,,,,,,,,,,,,,,,,,,,,,,
,,,,,,,,,,,,,,,,,,,,,,
,,,,,,,,,,,,,,,,,,,,,,
,,,,,,,,,,,,,,,,,,,,,,
,,,,,,,,,,,,,,,,,,,,,,
,,,,,,,,,,,,,,,,,,,,,,
,,,,,,,,,,,,,,,,,,,,,,
,,,,,,,,,,,,,,,,,,,,,,
,,,,,,,,,,,,,,,,,,,,,,
,,,,,,,,,,,,,,,,,,,,,,
,,,,,,,,,,,,,,,,,,,,,,
,,,,,,,,,,,,,,,,,,,,,,
,,,,,,,,,,,,,,,,,,,,,,
,,,,,,,,,,,,,,,,,,,,,,
,,,,,,,,,,,,,,,,,,,,,,
,,,,,,,,,,,,,,,,,,,,,,
,,,,,,,,,,,,,,,,,,,,,,
,,,,,,,,,,,,,,,,,,,,,,
,,,,,,,,,,,,,,,,,,,,,,
,,,,,,,,,,,,,,,,,,,,,,
,,,,,,,,,,,,,,,,,,,,,,
,,,,,,,,,,,,,,,,,,,,,,
,,,,,,,,,,,,,,,,,,,,,,
,,,,,,,,,,,,,,,,,,,,,,
,,,,,,,,,,,,,,,,,,,,,,
,,,,,,,,,,,,,,,,,,,,,,
,,,,,,,,,,,,,,,,,,,,,,
Y,,0,,,,,,,,,,,,,,,,,,,,
Y,249,219,189,199,189,249,189,189,,189,189,229,189,189,169,199,229,169,249,,,
,,,,,,,,,,,,,,,,,,,,,,
,,,,,,,,,,,,,,,,,,,,,,
,,,,,,,,,,,,,,,,,,,,,,
,,,,,,,,,,,,,,,,,,,,,,
,,,,,,,,,,,,,,,,,,,,,,
,,,,,,,,,,,,,,,,,,,,,,
Y,299,279,289,289,289,299,199,289,289,259,249,299,289,289,249,289,299,259,299,289,249,299
,,,,,,,,,,,,,,,,,,,,,,
Y,125/250,125/210,125/260,125/260,125/260,125/250,119/219,125/260,125/260,115/210,115/210,100/239,125/260,125/260,115/210,125/260,100/239,115/210,125/250,125/260,115/210,125/250
Y,,200,,,,,,,,,,200,,,,,,,,,,
Y,119,119,149,149,149,119,99,149,149,139,139,149,149,149,139,149,149,139,119,149,139,119
,,,,,,,,,,,,,,,,,,,,,,
Y,250,250,250,250,250,250,250,250,250,250,250,250,250,250,250,250,250,250,250,250,250,250
,,,,,,,,,,,,,,,,,,,,,,
,,,,,,,,,,,,,,,,,,,,,,
,,,,,,,,,,,,,,,,,,,,,,
Y,219,219,239,239,239,219,229,239,,219,219,219,239,239,219,239,219,219,219,,,219
,,,,,,,,,,,,,,,,,,,,,,
Y,339,379,339,339,339,339,349,339,359,319,319,339,339,339,299,339,339,319,339,349,319,339
Y,279,279,239,259,259,279,259,259,259,249,249,249,259,259,239,235,249,249,279,259,249,279
Y,319,319,239,259,259,319,299,259,259,259,259,259,259,259,229,259,259,259,319,259,259,319
Y,319,319,239,259,259,319,299,259,259,259,259,259,259,259,229,259,259,259,319,259,,319
Y,279,279,239,259,239,279,239,259,259,249,249,199,259,259,239,259,199,249,279,259,249,279
Y,319,319,239,259,259,319,249,259,259,259,259,259,259,259,229,259,259,259,319,259,,319
,,,,,,,,,,,,,,,,,,,,,,
Y,100,100,100,100,100,100,100,100,100,100,100,100,100,100,100,100,100,100,100,100,100,100
,,,,,,,,,,,,,,,,,,,,,,
Y,,269,,,250,,,,,,,299,250,250,,,299,,,,,
Y,,319,,,300,,339,,,,,349,300,300,,,349,,,,,
Y,,319,,,300,,,,,,,349,300,300,,,349,,,,,
Y,,319,,,300,,,,,,,349,300,300,,,349,,,,,
Y,,319,,,300,,,,,,,349,300,300,,,349,,,,,
Y,,319,,,300,,,,,,,349,300,300,,,349,,,,,
,,,,,,,,,,,,,,,,,,,,,,
Y,100,100,100,100,100,100,100,100,,100,100,100,100,100,100,100,100,100,100,,,
,,,,,,,,,,,,,,,,,,,,,,
,,,,,,,,,,,,,,,,,,,,,,
,,,,,,,,,,,,,,,,,,,,,,
Y,319,299,329,329,329,319,319,329,,289,289,319,329,329,289,329,319,289,319,,,319
,,,,,,,,,,,,,,,,,,,,,,
Y,339,379,339,339,339,339,399,339,,319,319,339,339,339,299,339,339,319,339,,319,339
,,,,,,,,,,,,,,,,,,,,,,
Y,359,359,359,359,359,359,339,359,,339,339,359,359,359,339,359,359,339,359,,,359
Y,219,229,219,219,219,219,199,219,219,199,199,229,219,219,199,219,229,199,219,219,199,219
Y,219,229,219,219,219,219,199,219,219,199,199,229,219,219,199,219,229,199,219,219,199,219
,,,,,,,,,,,,,,,,,,,,,,
Y,219,229,219,219,219,219,199,219,219,199,199,229,219,219,199,219,229,199,219,219,199,219
,,,,,,,,,,,,,,,,,,,,,,
,,,,,,,,,,,,,,,,,,,,,,
Y,219,229,219,219,219,219,199,219,219,199,199,229,219,219,199,219,229,199,219,219,199,219
Y,219,229,219,219,219,219,199,219,219,199,199,229,219,219,199,219,229,199,219,219,199,219
,,,,,,,,,,,,,,,,,,,,,,
,,,,,,,,,,,,,,,,,,,,,,
Y,189,189,199,199,199,189,199,199,199,179,179,199,199,199,179,199,199,189,189,199,,189
Y,189,189,199,199,199,189,199,199,199,179,179,199,199,199,179,199,199,189,189,199,,189
Y,389,399,419,419,419,389,399,419,,399,399,399,419,419,399,419,399,399,389,,,
Y,389,399,419,419,419,389,399,419,,399,399,399,419,419,399,419,399,399,389,,,
Y,389,399,419,419,419,389,399,419,,399,399,399,419,419,399,419,399,399,389,,,
Y,319,299,329,329,329,319,299,329,,289,289,319,329,329,289,329,319,289,319,,,319
,,,,,,,,,,,,,,,,,,,,,,
Y,359,359,359,359,359,359,319,369,,309,309,329,359,359,309,359,329,309,359,,,359
,,,,,,,,,,,,,,,,,,,,,,
Y,359,359,359,359,359,359,359,369,,309,309,369,359,359,309,359,369,309,359,,,359
,,,,,,,,,,,,,,,,,,,,,,
,,,,,,,,,,,,,,,,,,,,,,
,,,,,,,,,,,,,,,,,,,,,,
,,,,,,,,,,,,,,,,,,,,,,
,,,,,,,,,,,,,,,,,,,,,,
,,,,,,,,,,,,,,,,,,,,,,
,,,,,,,,,,,,,,,,,,,,,,
Y,359,359,359,359,359,359,319,369,,309,309,329,359,359,309,359,329,309,359,,,
,,,,,,,,,,,,,,,,,,,,,,
,,,,,,,,,,,,,,,,,,,,,,
,,,,,,,,,,,,,,,,,,,,,,
,,,,,,,,,,,,,,,,,,,,,,
,,,,,,,,,,,,,,,,,,,,,,
,,,,,,,,,,,,,,,,,,,,,,
,,,,,,,,,,,,,,,,,,,,,,
,,,,,,,,,,,,,,,,,,,,,,
Y,159,180,169,169,169,159,159,169,169,159,159,179,169,169,159,169,179,159,159,169,159,159
Y,349,379,349,349,349,349,349,349,,319,319,329,349,349,319,349,329,319,349,,,349
,,,,,,,,,,,,,,,,,,,,,,
,,,,,,,,,,,,,,,,,,,,,,
,,,,,,,,,,,,,,,,,,,,,,
,,,,,,,,,,,,,,,,,,,,,,
,,,,,,,,,,,,,,,,,,,,,,
,,,,,,,,,,,,,,,,,,,,,,
,,,,,,,,,,,,,,,,,,,,,,
,,,,,,,,,,,,,,,,,,,,,,
,,,,,,,,,,,,,,,,,,,,,,
Y,219,229,219,219,219,219,199,219,219,199,199,229,219,219,199,219,229,199,219,219,199,219
Y,359,379,379,389,389,359,359,389,389,339,299,369,389,369,319,389,369,319,359,389,319,359
Y,359,379,379,389,389,359,339,389,389,339,299,329,389,349,299,389,369,299,359,389,319,359
Y,359,379,379,389,389,359,359,389,389,339,299,369,389,369,319,389,369,319,359,389,319,359
Y,249,249,229,229,229,249,249,229,,,229,279,229,229,,,279,,249,,,
Y,249,249,229,229,229,249,,229,,,229,279,229,229,,,279,,249,,,
Y,219,229,219,219,219,219,199,219,219,199,199,229,219,219,199,219,229,199,219,219,199,219
Y,259,269,259,259,259,259,239,259,,,239,269,259,259,239,259,269,239,259,,,
,,,,,,,,,,,,,,,,,,,,,,
Y,,,135,135,135,,,135,135,,,,135,135,,135,,,,135,,
,,,,,,,,,,,,,,,,,,,,,,
,,,,,,,,,,,,,,,,,,,,,,
Y,159,180,169,169,169,159,159,169,169,159,159,179,169,169,159,169,179,159,159,169,159,159
Y,,144,135,135,135,,119,135,135,123,123,129,135,135,123,135,129,123,,135,123,
Y,219,229,219,219,219,219,189,219,219,199,189,229,219,219,189,219,219,189,219,219,179,219
Y,,144,135,135,135,,119,135,135,123,123,129,135,135,123,135,129,123,,135,,
,,,,,,,,,,,,,,,,,,,,,,
Y,159,180,169,169,169,159,159,169,169,159,159,179,169,169,159,169,179,159,159,169,159,159
Y,,144,135,135,135,,119,135,135,123,123,129,135,135,123,135,129,123,,135,123,
,,,,,,,,,,,,,,,,,,,,,,
Y,159,180,169,169,169,159,159,169,169,159,159,179,169,169,159,169,179,159,159,169,159,159
,,,,,,,,,,,,,,,,,,,,,,
Y,,144,135,135,135,,119,135,135,123,123,129,135,135,123,135,129,123,,135,123,
,,,,,,,,,,,,,,,,,,,,,,
,,,,,,,,,,,,,,,,,,,,,,
,,,,,,,,,,,,,,,,,,,,,,
,,,,,,,,,,,,,,,,,,,,,,
,,,,,,,,,,,,,,,,,,,,,,
,,,,,,,,,,,,,,,,,,,,,,
,,,,,,,,,,,,,,,,,,,,,,
,,,,,,,,,,,,,,,,,,,,,,
,,,,,,,,,,,,,,,,,,,,,,
,,,,,,,,,,,,,,,,,,,,,,
,,,,,,,,,,,,,,,,,,,,,,
,,,,,,,,,,,,,,,,,,,,,,
,,,,,,,,,,,,,,,,,,,,,,
,,,,,,,,,,,,,,,,,,,,,,
,,,,,,,,,,,,,,,,,,,,,,
,,,,,,,,,,,,,,,,,,,,,,
,,,,,,,,,,,,,,,,,,,,,,
,,,,,,,,,,,,,,,,,,,,,,
,,,,,,,,,,,,,,,,,,,,,,
,,,,,,,,,,,,,,,,,,,,,,
,,,,,,,,,,,,,,,,,,,,,,
,,,,,,,,,,,,,,,,,,,,,,
Y,150,150,150,150,150,150,159,150,150,100,100,175,150,150,100,150,175,100,150,150,100,150
,,,,,,,,,,,,,,,,,,,,,,
Y,300,300,300,300,300,300,299,300,300,200,200,350,300,300,200,300,350,200,300,300,200,300
,,,,,,,,,,,,,,,,,,,,,,
Y,300,300,300,300,300,300,299,300,,200,200,350,300,300,200,300,350,200,300,,,
Y,0,0,0,0,0,0,0,0,0,0,0,0,0,0,0,0,0,0,0,0,0,0
,,,,,,,,,,,,,,,,,,,,,,
,,,,,,,,,,,,,,,,,,,,,,
,,,,,,,,,,,,,,,,,,,,,,
Y,150,150,150,150,150,150,159,150,,100,100,175,150,150,100,150,175,100,150,,,
,,,,,,,,,,,,,,,,,,,,,,
,,,,,,,,,,,,,,,,,,,,,,
Y,130/230,110/200,150/230,150/230,150/230,130/230,159/219,150/230,150/230,150/160,150/160,179/250,150/230,150/230,150/160,150/230,179/250,150/160,130/230,150/230,140/175,130/230
,,,,,,,,,,,,,,,,,,,,,,
,,,,,,,,,,,,,,,,,,,,,,
,,,,,,,,,,,,,,,,,,,,,,
,,,,,,,,,,,,,,,,,,,,,,
,,,,,,,,,,,,,,,,,,,,,,
,,,,,,,,,,,,,,,,,,,,,,
,,,,,,,,,,,,,,,,,,,,,,
,,,,,,,,,,,,,,,,,,,,,,
,,,,,,,,,,,,,,,,,,,,,,
,,,,,,,,,,,,,,,,,,,,,,
,,,,,,,,,,,,,,,,,,,,,,
Y,419,399,399,419,389,419,379,399,,419,419,419,389,399,399,399,419,399,419,,,
Y,419,399,419,399,399,419,439,419,399,439,439,459,399,419,439,419,459,439,419,399,439,419
,,,,,,,,,,,,,,,,,,,,,,
Y,449,449,449,449,449,449,459,449,,489,489,469,449,449,489,449,469,489,449,,,
,,,,,,,,,,,,,,,,,,,,,,
,,,,,,,,,,,,,,,,,,,,,,
Y,599,589,599,599,599,599,589,599,599,599,599,599,599,599,579,599,599,579,599,599,579,599
,,,,,,,,,,,,,,,,,,,,,,
,,,,,,,,,,,,,,,,,,,,,,
,,,,,,,,,,,,,,,,,,,,,,
Y,,,,,799,,,,,,,,799,,,,,,,,,
,,,,,,,,,,,,,,,,,,,,,,
,,,,,,,,,,,,,,,,,,,,,,
Y,,,,,799,,,,,,,,799,,,,,,,,,
,,,,,,,,,,,,,,,,,,,,,,
,,,,,,,,,,,,,,,,,,,,,,
,,,,,,,,,,,,,,,,,,,,,,
,,,,,,,,,,,,,,,,,,,,,,
,,,,,,,,,,,,,,,,,,,,,,
,,,,,,,,,,,,,,,,,,,,,,
,,,,,,,,,,,,,,,,,,,,,,
,,,,,,,,,,,,,,,,,,,,,,
Y,799,789,749,749,749,799,749,749,749,749,749,749,749,749,729,749,749,729,799,749,729,799
,,,,,,,,,,,,,,,,,,,,,,
Y,799,789,749,749,749,799,749,749,,749,749,749,749,749,729,749,749,729,799,,,
,,,,,,,,,,,,,,,,,,,,,,
,,,,,,,,,,,,,,,,,,,,,,
,,,,,,,,,,,,,,,,,,,,,,
Y,859,839,839,839,839,859,819,839,839,819,819,859,839,839,819,839,859,839,859,839,819,859
Y,969,939,969,969,969,969,899,969,969,899,899,919,969,969,879,969,919,899,969,969,879,969
Y,859,799,819,819,819,859,749,819,819,739,739,779,819,819,739,819,779,739,859,819,739,859
,,,,,,,,,,,,,,,,,,,,,,
,,,,,,,,,,,,,,,,,,,,,,
,,,,,,,,,,,,,,,,,,,,,,
,,,,,,,,,,,,,,,,,,,,,,
,,,,,,,,,,,,,,,,,,,,,,
,,,,,,,,,,,,,,,,,,,,,,
,,,,,,,,,,,,,,,,,,,,,,
,,,,,,,,,,,,,,,,,,,,,,
,,,,,,,,,,,,,,,,,,,,,,
,,,,,,,,,,,,,,,,,,,,,,
,,,,,,,,,,,,,,,,,,,,,,
,,,,,,,,,,,,,,,,,,,,,,
,,,,,,,,,,,,,,,,,,,,,,
,,,,,,,,,,,,,,,,,,,,,,
,,,,,,,,,,,,,,,,,,,,,,
,,,,,,,,,,,,,,,,,,,,,,
,,,,,,,,,,,,,,,,,,,,,,
,,,,,,,,,,,,,,,,,,,,,,
,,,,,,,,,,,,,,,,,,,,,,
,,,,,,,,,,,,,,,,,,,,,,
,,,,,,,,,,,,,,,,,,,,,,
,,,,,,,,,,,,,,,,,,,,,,
,,,,,,,,,,,,,,,,,,,,,,
,,,,,,,,,,,,,,,,,,,,,,
,,,,,,,,,,,,,,,,,,,,,,
,,,,,,,,,,,,,,,,,,,,,,
,,,,,,,,,,,,,,,,,,,,,,
,,,,,,,,,,,,,,,,,,,,,,
,,,,,,,,,,,,,,,,,,,,,,
,,,,,,,,,,,,,,,,,,,,,,
,,,,,,,,,,,,,,,,,,,,,,
,,,,,,,,,,,,,,,,,,,,,,
,,,,,,,,,,,,,,,,,,,,,,
,,,,,,,,,,,,,,,,,,,,,,
,,,,,,,,,,,,,,,,,,,,,,
,,,,,,,,,,,,,,,,,,,,,,
,,,,,,,,,,,,,,,,,,,,,,
,,,,,,,,,,,,,,,,,,,,,,
,,,,,,,,,,,,,,,,,,,,,,
,,,,,,,,,,,,,,,,,,,,,,
,,,,,,,,,,,,,,,,,,,,,,
,,,,,,,,,,,,,,,,,,,,,,
,,,,,,,,,,,,,,,,,,,,,,
,,,,,,,,,,,,,,,,,,,,,,
,,,,,,,,,,,,,,,,,,,,,,
,,,,,,,,,,,,,,,,,,,,,,
Y,49,0,0,0,0,49,50,0,0,30,30,39,0,0,30,0,39,30,49,0,30,49
Y,0,0,0,0,0,0,0,0,0,0,0,0,0,0,0,0,0,0,0,0,0,0
Y,0,0,0,0,0,0,0,0,0,0,0,0,0,0,0,0,0,0,0,0,0,0
,,,,,,,,,,,,,,,,,,,,,,
Y,0,0,0,0,0,0,0,0,0,0,0,0,0,0,0,0,0,0,0,0,0,0
,,,,,,,,,,,,,,,,,,,,,,
,,,,,,,,,,,,,,,,,,,,,,
,,,,,,,,,,,,,,,,,,,,,,
,,,,,,,,,,,,,,,,,,,,,,
,,,,,,,,,,,,,,,,,,,,,,
,,,,,,,,,,,,,,,,,,,,,,
,,,,,,,,,,,,,,,,,,,,,,
,,,,,,,,,,,,,,,,,,,,,,
,,,,,,,,,,,,,,,,,,,,,,
,,,,,,,,,,,,,,,,,,,,,,
,,,,,,,,,,,,,,,,,,,,,,
,,,,,,,,,,,,,,,,,,,,,,
,,,,,,,,,,,,,,,,,,,,,,
,,,,,,,,,,,,,,,,,,,,,,
,,,,,,,,,,,,,,,,,,,,,,
,,,,,,,,,,,,,,,,,,,,,,
,,,,,,,,,,,,,,,,,,,,,,
,,,,,,,,,,,,,,,,,,,,,,
,,,,,,,,,,,,,,,,,,,,,,
,,,,,,,,,,,,,,,,,,,,,,
,,,,,,,,,,,,,,,,,,,,,,
,,,,,,,,,,,,,,,,,,,,,,
,,,,,,,,,,,,,,,,,,,,,,
,,,,,,,,,,,,,,,,,,,,,,
,,,,,,,,,,,,,,,,,,,,,,
,,,,,,,,,,,,,,,,,,,,,,
,,,,,,,,,,,,,,,,,,,,,,
,,,,,,,,,,,,,,,,,,,,,,
,,,,,,,,,,,,,,,,,,,,,,
,,,,,,,,,,,,,,,,,,,,,,
Y,0,0,0,0,0,0,0,0,,0,0,0,0,0,0,0,0,0,0,,0,0
,,,,,,,,,,,,,,,,,,,,,,
,,,,,,,,,,,,,,,,,,,,,,
,,,,,,,,,,,,,,,,,,,,,,
,,,,,,,,,,,,,,,,,,,,,,
,,,,,,,,,,,,,,,,,,,,,,
,,,,,,,,,,,,,,,,,,,,,,
Y,849,829,859,859,859,849,819,859,,719,719,799,859,859,719,859,799,719,849,,,
,,,,,,,,,,,,,,,,,,,,,,
Y,999,999,999,999,999,999,919,999,,889,889,949,999,999,889,999,949,889,999,,,
,,,,,,,,,,,,,,,,,,,,,,
Y,869,849,899,899,899,869,819,899,,749,749,829,899,899,749,899,829,749,869,,,
Y,1049,1019,1069,1069,1069,1049,999,1069,,919,919,969,1069,1069,919,1069,969,919,1049,,,
,,,,,,,,,,,,,,,,,,,,,,
,,,,,,,,,,,,,,,,,,,,,,
Y,369,369,369,369,369,369,369,369,369,369,369,369,369,369,369,369,369,369,369,369,369,369
,,,,,,,,,,,,,,,,,,,,,,
,,,,,,,,,,,,,,,,,,,,,,
,,,,,,,,,,,,,,,,,,,,,,
,,,,,,,,,,,,,,,,,,,,,,
,,,,,,,,,,,,,,,,,,,,,,
,,,,,,,,,,,,,,,,,,,,,,
,,,,,,,,,,,,,,,,,,,,,,
,,,,,,,,,,,,,,,,,,,,,,
,,,,,,,,,,,,,,,,,,,,,,
,,,,,,,,,,,,,,,,,,,,,,
,,,,,,,,,,,,,,,,,,,,,,
,,,,,,,,,,,,,,,,,,,,,,
,,,,,,,,,,,,,,,,,,,,,,
,,,,,,,,,,,,,,,,,,,,,,
,,,,,,,,,,,,,,,,,,,,,,
,,,,,,,,,,,,,,,,,,,,,,
,,,,,,,,,,,,,,,,,,,,,,
,,,,,,,,,,,,,,,,,,,,,,
,,,,,,,,,,,,,,,,,,,,,,
,,,,,,,,,,,,,,,,,,,,,,
,,,,,,,,,,,,,,,,,,,,,,
,,,,,,,,,,,,,,,,,,,,,,
,,,,,,,,,,,,,,,,,,,,,,
,,,,,,,,,,,,,,,,,,,,,,
,,,,,,,,,,,,,,,,,,,,,,
,,,,,,,,,,,,,,,,,,,,,,
,,,,,,,,,,,,,,,,,,,,,,
,,,,,,,,,,,,,,,,,,,,,,
Y,,0,,,,,,,,,,,,,,,,,,,,
,,,,,,,,,,,,,,,,,,,,,,
,,,,,,,,,,,,,,,,,,,,,,
,,,,,,,,,,,,,,,,,,,,,,
,,,,,,,,,,,,,,,,,,,,,,
,,,,,,,,,,,,,,,,,,,,,,
,,,,,,,,,,,,,,,,,,,,,,
,,,,,,,,,,,,,,,,,,,,,,
Y,59,40,59,59,59,59,59,59,59,30,30,59,59,59,30,59,59,30,59,59,30,59
Y,,50,,,,,,,,50,50,50,,,50,50,,,,,,
,,,,,,,,,,,,,,,,,,,,,,
Y,50,50,50,50,50,50,50,50,,50,50,50,50,50,50,50,50,50,50,,,
,,,,,,,,,,,,,,,,,,,,,,
,,,,,,,,,,,,,,,,,,,,,,
,,,,,,,,,,,,,,,,,,,,,,
,,,,,,,,,,,,,,,,,,,,,,
,,,,,,,,,,,,,,,,,,,,,,
Y,100,100,100,100,100,100,100,100,100,100,100,100,100,100,100,100,100,100,100,100,100,100
Y,30,40,,,,30,30,,,,,39,,,,,39,,30,,,30
,,,,,,,,,,,,,,,,,,,,,,
,,,,,,,,,,,,,,,,,,,,,,
,,,,,,,,,,,,,,,,,,,,,,
,,,,,,,,,,,,,,,,,,,,,,
,,,,,,,,,,,,,,,,,,,,,,
,,,,,,,,,,,,,,,,,,,,,,
,,,,,,,,,,,,,,,,,,,,,,
,,,,,,,,,,,,,,,,,,,,,,
,,,,,,,,,,,,,,,,,,,,,,
,,,,,,,,,,,,,,,,,,,,,,
,,,,,,,,,,,,,,,,,,,,,,
Y,49,40,40,40,40,49,39,40,,30,30,49,35,40,30,40,49,30,49,,30,49
,,,,,,,,,,,,,,,,,,,,,,
Y,,50,,,,,50,,,,,49,,,,,,,,,,
,,,,,,,,,,,,,,,,,,,,,,
,,,,,,,,,,,,,,,,,,,,,,
,,,,,,,,,,,,,,,,,,,,,,
,,,,,,,,,,,,,,,,,,,,,,
,,,,,,,,,,,,,,,,,,,,,,
,,,,,,,,,,,,,,,,,,,,,,
,,,,,,,,,,,,,,,,,,,,,,
Y,50,40/50,25/50,25/50,25/50,50,50/79,25/50,25/50,20/50,20/50,50,25/50,25/50,30/50,25/50,50,30/50,50,25/50,30/50,50
,,,,,,,,,,,,,,,,,,,,,,
,,,,,,,,,,,,,,,,,,,,,,
,,,,,,,,,,,,,,,,,,,,,,
Y,,60,,,,,,,,,,60,,,,60,,,,,,
,,,,,,,,,,,,,,,,,,,,,,
Y,49,49,49,49,49,49,39,49,49,30,30,39,49,49,30,49,39,30,49,49,,49
,,,,,,,,,,,,,,,,,,,,,,
,,,,,,,,,,,,,,,,,,,,,,
,,,,,,,,,,,,,,,,,,,,,,
Y,,,,,,,,25,,,,,30,,,,,,,,,
,,,,,,,,,,,,,,,,,,,,,,
Y,50,50,50,50,50,50,50,50,50,50,50,50,50,50,50,50,50,50,50,50,50,50
,,,,,,,,,,,,,,,,,,,,,,
Y,79,99,99,99,99,79,79,99,99,79,59,79,99,79,59,99,79,79,79,99,79,79
,,,,,,,,,,,,,,,,,,,,,,
,,,,,,,,,,,,,,,,,,,,,,
Y,49,49,25,25,25,49,50,25,25,30,30,50,25,25,30,25,50,30,49,25,30,49
,,,,,,,,,,,,,,,,,,,,,,
,,,,,,,,,,,,,,,,,,,,,,
Y,389,439,369,369,369,389,389,369,,439,419,439,369,369,399,369,439,419,389,,,
Y,589,589,549,549,549,589,549,549,,519,499,549,549,549,499,549,549,499,589,,,
Y,299,299,299,299,299,299,299,299,299,299,299,299,299,299,299,299,299,299,299,299,299,299
Y,539,549,519,519,519,539,519,519,519,499,539,539,519,519,539,519,529,539,539,519,539,539
,,,,,,,,,,,,,,,,,,,,,,
,,,,,,,,,,,,,,,,,,,,,,
Y,599,599,569,569,569,599,539,569,,589,589,589,569,569,589,569,589,589,599,,,
,,,,,,,,,,,,,,,,,,,,,,
,,,,,,,,,,,,,,,,,,,,,,
Y,,0,,,,,,,,,,,,,,,,,,,,
Y,199,239,249,249,249,199,199,249,,179,179,239,249,249,179,249,239,179,199,,,
,,,,,,,,,,,,,,,,,,,,,,
,,,,,,,,,,,,,,,,,,,,,,
,,,,,,,,,,,,,,,,,,,,,,
,,,,,,,,,,,,,,,,,,,,,,
,,,,,,,,,,,,,,,,,,,,,,
,,,,,,,,,,,,,,,,,,,,,,
,,,,,,,,,,,,,,,,,,,,,,
,,,,,,,,,,,,,,,,,,,,,,
Y,40,60,30,30,30,40,40,30,30,30,30,30,30,30,30,30,30,30,40,30,30,40
Y,40,60,30/40/50,30/40/50,30/40/50,40,40/49/59,30/40/50,30,30/60/90,30/60/90,40,30/40/50,30/40/50,30/60/90,30/40/50,40,30/60/90,40,30,30,40
Y,40,60,30/40/50,30/40/50,30/40/50,40,40/50/59,30/40/50,30,30/60/90,30/60/90,30/40,30/40/50,30/40/50,30/60/90,30/40/50,30/40,30/60/90,40,30,,40
Y,40,60,40,40,40,40,40,40,,30,30,40,40,40,30,40,40,30,40,,,40
,,,,,,,,,,,,,,,,,,,,,,
,,,,,,,,,,,,,,,,,,,,,,
Y,40,60,30/40/50,30/40/50,30/40/50,40,,30/40/50,,,30/60/90,30/39/49,30/40/50,30/40/50,,,30/39/49,,40,,,
Y,40,60,30/40/50,30/40/50,30/40/50,40,40/50/59,30/40/50,30,30/60/90,30/60/90,30/40,30/40/50,30/40/50,30/60/90,30/40/50,30/40,30/60/90,40,30,,
Y,30,39,25,25,25,30,39,25,,30,30,30,25,25,30,25,30,30,30,,,
,,,,,,,,,,,,,,,,,,,,,,
,,,,,,,,,,,,,,,,,,,,,,
,,,,,,,,,,,,,,,,,,,,,,
,,,,,,,,,,,,,,,,,,,,,,
,,,,,,,,,,,,,,,,,,,,,,
,,,,,,,,,,,,,,,,,,,,,,
,,,,,,,,,,,,,,,,,,,,,,
,,,,,,,,,,,,,,,,,,,,,,
,,,,,,,,,,,,,,,,,,,,,,
,,,,,,,,,,,,,,,,,,,,,,
,,,,,,,,,,,,,,,,,,,,,,
,,,,,,,,,,,,,,,,,,,,,,
,,,,,,,,,,,,,,,,,,,,,,
,,,,,,,,,,,,,,,,,,,,,,
,,,,,,,,,,,,,,,,,,,,,,
,,,,,,,,,,,,,,,,,,,,,,
,,,,,,,,,,,,,,,,,,,,,,
,,,,,,,,,,,,,,,,,,,,,,
,,,,,,,,,,,,,,,,,,,,,,
,,,,,,,,,,,,,,,,,,,,,,
,,,,,,,,,,,,,,,,,,,,,,
,,,,,,,,,,,,,,,,,,,,,,
,,,,,,,,,,,,,,,,,,,,,,
,,,,,,,,,,,,,,,,,,,,,,
,,,,,,,,,,,,,,,,,,,,,,
,,,,,,,,,,,,,,,,,,,,,,
,,,,,,,,,,,,,,,,,,,,,,
,,,,,,,,,,,,,,,,,,,,,,
,,,,,,,,,,,,,,,,,,,,,,
,,,,,,,,,,,,,,,,,,,,,,
,,,,,,,,,,,,,,,,,,,,,,
,,,,,,,,,,,,,,,,,,,,,,
,,,,,,,,,,,,,,,,,,,,,,
,,,,,,,,,,,,,,,,,,,,,,
,,,,,,,,,,,,,,,,,,,,,,
,,,,,,,,,,,,,,,,,,,,,,
,,,,,,,,,,,,,,,,,,,,,,
,,,,,,,,,,,,,,,,,,,,,,
,,,,,,,,,,,,,,,,,,,,,,
,,,,,,,,,,,,,,,,,,,,,,
,,,,,,,,,,,,,,,,,,,,,,
,,,,,,,,,,,,,,,,,,,,,,
,,,,,,,,,,,,,,,,,,,,,,
,,,,,,,,,,,,,,,,,,,,,,
,,,,,,,,,,,,,,,,,,,,,,
,,,,,,,,,,,,,,,,,,,,,,
,,,,,,,,,,,,,,,,,,,,,,
,,,,,,,,,,,,,,,,,,,,,,
,,,,,,,,,,,,,,,,,,,,,,
,,,,,,,,,,,,,,,,,,,,,,
,,,,,,,,,,,,,,,,,,,,,,
,,,,,,,,,,,,,,,,,,,,,,
,,,,,,,,,,,,,,,,,,,,,,
,,,,,,,,,,,,,,,,,,,,,,
,,,,,,,,,,,,,,,,,,,,,,
,,,,,,,,,,,,,,,,,,,,,,
,,,,,,,,,,,,,,,,,,,,,,
,,,,,,,,,,,,,,,,,,,,,,
,,,,,,,,,,,,,,,,,,,,,,
,,,,,,,,,,,,,,,,,,,,,,
,,,,,,,,,,,,,,,,,,,,,,
,,,,,,,,,,,,,,,,,,,,,,
,,,,,,,,,,,,,,,,,,,,,,
,,,,,,,,,,,,,,,,,,,,,,
,,,,,,,,,,,,,,,,,,,,,,
,,,,,,,,,,,,,,,,,,,,,,
,,,,,,,,,,,,,,,,,,,,,,
,,,,,,,,,,,,,,,,,,,,,,
,,,,,,,,,,,,,,,,,,,,,,
,,,,,,,,,,,,,,,,,,,,,,
,,,,,,,,,,,,,,,,,,,,,,
,,,,,,,,,,,,,,,,,,,,,,
,,,,,,,,,,,,,,,,,,,,,,
,,,,,,,,,,,,,,,,,,,,,,
,,,,,,,,,,,,,,,,,,,,,,
,,,,,,,,,,,,,,,,,,,,,,
,,,,,,,,,,,,,,,,,,,,,,
,,,,,,,,,,,,,,,,,,,,,,
,,,,,,,,,,,,,,,,,,,,,,
,,,,,,,,,,,,,,,,,,,,,,
,,,,,,,,,,,,,,,,,,,,,,
,,,,,,,,,,,,,,,,,,,,,,
,,,,,,,,,,,,,,,,,,,,,,
,,,,,,,,,,,,,,,,,,,,,,
,,,,,,,,,,,,,,,,,,,,,,
,,,,,,,,,,,,,,,,,,,,,,
,,,,,,,,,,,,,,,,,,,,,,
,,,,,,,,,,,,,,,,,,,,,,
,,,,,,,,,,,,,,,,,,,,,,
,,,,,,,,,,,,,,,,,,,,,,
,,,,,,,,,,,,,,,,,,,,,,
,,,,,,,,,,,,,,,,,,,,,,
,,,,,,,,,,,,,,,,,,,,,,
,,,,,,,,,,,,,,,,,,,,,,
,,,,,,,,,,,,,,,,,,,,,,
,,,,,,,,,,,,,,,,,,,,,,
,,,,,,,,,,,,,,,,,,,,,,
Y,75,50,50,50,50,75,75,50,50,50,50,50,50,50,50,50,50,50,75,50,50,75
,,,,,,,,,,,,,,,,,,,,,,
,,,,,,,,,,,,,,,,,,,,,,
,,,,,,,,,,,,,,,,,,,,,,
,,,,,,,,,,,,,,,,,,,,,,
,,,,,,,,,,,,,,,,,,,,,,
,,,,,,,,,,,,,,,,,,,,,,
,,,,,,,,,,,,,,,,,,,,,,
,,,,,,,,,,,,,,,,,,,,,,
,,,,,,,,,,,,,,,,,,,,,,
,,,,,,,,,,,,,,,,,,,,,,
,,,,,,,,,,,,,,,,,,,,,,
,,,,,,,,,,,,,,,,,,,,,,
,,,,,,,,,,,,,,,,,,,,,,
,,,,,,,,,,,,,,,,,,,,,,
,,,,,,,,,,,,,,,,,,,,,,
,,,,,,,,,,,,,,,,,,,,,,
,,,,,,,,,,,,,,,,,,,,,,
,,,,,,,,,,,,,,,,,,,,,,
Y,1599,1619,1599,1599,1609,1599,1489,1609,1609,1459,1459,1549,1599,1609,1459,1609,1529,1459,1599,1609,1439,1599
,,,,,,,,,,,,,,,,,,,,,,
,,,,,,,,,,,,,,,,,,,,,,
,,,,,,,,,,,,,,,,,,,,,,
,,,,,,,,,,,,,,,,,,,,,,
,,,,,,,,,,,,,,,,,,,,,,
,,,,,,,,,,,,,,,,,,,,,,
Y,199,149,199,199,199,199,159,199,199,199,199,159,199,199,199,199,159,199,199,199,199,199
,,,,,,,,,,,,,,,,,,,,,,
,,,,,,,,,,,,,,,,,,,,,,
Y,199,199,199,199,199,199,199,199,199,189,189,189,199,199,189,199,189,189,199,199,189,199
,,,,,,,,,,,,,,,,,,,,,,
Y,199,199,199,199,199,199,199,199,,189,189,175,199,199,189,199,175,189,199,,,199
,,,,,,,,,,,,,,,,,,,,,,
,,,,,,,,,,,,,,,,,,,,,,
,,,,,,,,,,,,,,,,,,,,,,
Y,235,269,239,239,239,235,249,239,239,235,235,259,239,239,235,239,259,235,235,239,,235
,,,,,,,,,,,,,,,,,,,,,,
Y,,,191,191,191,,,191,191,,,,191,191,,191,,,,191,,
,,,,,,,,,,,,,,,,,,,,,,
,,,,,,,,,,,,,,,,,,,,,,
Y,235,269,239,239,239,235,249,239,239,235,235,259,239,239,235,239,259,235,235,239,235,235
Y,,215,191,191,191,,169,191,191,175,175,175,191,191,175,191,175,175,,191,175,
Y,,215,191,191,191,,169,191,191,175,175,175,191,191,175,191,175,175,,191,,
Y,235,269,239,239,239,235,249,239,239,235,235,259,239,239,235,239,259,235,235,239,235,235
,,,,,,,,,,,,,,,,,,,,,,
Y,,215,191,191,191,,159,191,191,175,175,175,191,191,175,191,175,175,,191,175,
Y,,,191,191,191,,,191,191,,,,191,191,,191,,,,191,,
,,,,,,,,,,,,,,,,,,,,,,
Y,235,269,239,239,239,235,249,239,239,235,235,259,239,239,235,239,259,235,235,239,235,235
,,,,,,,,,,,,,,,,,,,,,,
Y,,215,191,191,191,,169,191,191,175,175,175,191,191,175,191,175,175,,191,175,
,,,,,,,,,,,,,,,,,,,,,,
Y,1569,1499,1529,1529,1529,1569,1449,1529,1529,1519,1499,1489,1519,1529,1499,1529,1469,1499,1569,1529,1519,1569
Y,819,819,819,819,819,819,999,819,,819,819,979,819,819,819,819,979,819,819,,819,
Y,,,,,,,939,,,,,,,,,,,,,,,
Y,,,,,,,999,,,,,,,,,,,,,,,
Y,,2099,,,,,1999,,,,,,,,,,,,,,,
Y,1199,1199,1269,1269,1269,1199,1129,1269,1269,1119,1129,1189,1269,1269,1099,1269,1169,1119,1199,1269,1099,1199
,,,,,,,,,,,,,,,,,,,,,,
Y,919,919,899,899,899,919,899,899,,819,799,849,899,899,799,899,829,799,919,,,
Y,859,859,849,849,849,859,749/849,849,849,839,839,839/849,849,849,839,849,839/849,839,859,849,839,859
Y,899,919,909,909,909,899,789,909,,899,899,909,909,909,899,909,909,899,899,,,
,,,,,,,,,,,,,,,,,,,,,,
,,,,,,,,,,,,,,,,,,,,,,
,,,,,,,,,,,,,,,,,,,,,,
,,,,,,,,,,,,,,,,,,,,,,
Y,959,959,929,949,929,959,949,929,,869,849,899,929,929,849,919,899,869,959,,,
Y,959,959,929,949,929,959,949,929,,869,849,899,929,929,849,919,899,869,959,,,
,,,,,,,,,,,,,,,,,,,,,,
Y,1039,1019,1029,1029,1029,1039,999,1029,,929,929,979,1029,1029,929,1019,979,919,1039,,,
,,,,,,,,,,,,,,,,,,,,,,
,,,,,,,,,,,,,,,,,,,,,,
Y,959,959,929,949,929,959,949,929,,869,849,899,929,929,849,919,899,869,959,,,
Y,1039,1019,1029,1029,1029,1039,999,1029,,929,929,979,1029,1029,929,1019,979,919,1039,,,
Y,959,959,929,949,929,959,949,929,,869,849,899,929,929,849,919,899,869,959,,,
Y,959,959,929,949,929,959,949,929,,869,849,899,929,929,849,919,899,869,959,,,
Y,959,959,929,949,929,959,949,929,,869,849,899,929,929,849,919,899,869,959,,,
Y,1039,1019,1029,1029,1029,1039,999,1029,,929,929,979,1029,1029,929,1019,979,919,1039,,,
,,,,,,,,,,,,,,,,,,,,,,
,,,,,,,,,,,,,,,,,,,,,,
,,,,,,,,,,,,,,,,,,,,,,
Y,1199,1199,1269,1269,1269,1199,1179,1269,1269,1099,1129,1219,1269,1269,1099,1269,1199,1119,1199,1269,1099,1199
Y,1099,1099,1099,1099,1099,1099,1079,1099,1099,819,839,1109,1099,1099,829,1099,1099,849,1099,1099,819,1099
Y,,,,,,,899,,,,,849,,,,,849,,,,,
Y,,,,,,,799,,,,,719/769,,,,,719/769,,,,,
Y,,,,,,,899,,,,,799/849,,,,,799/849,,,,,
Y,,,,,,,,,,,,799,,,,,799,,,,,
Y,1759,1699,1719,1719,1719,1759,1599,1729,1729,1599,1639,1569,1719,1719,1599,1719,1549,1599,1759,1729,1539,1759
,,,,,,,,,,,,,,,,,,,,,,
Y,1449,1449,1419,1419,1419,1449,1399,1419,1419,1369,1369,1409,1419,1419,1299,1419,1389,1349,1449,1419,1319,1449
Y,,1399,,,,,,,,,,1309,,,,1399,,,,,,
Y,1399,1259,1299,1319,1329,1399,1249,1309,1319,1219,1199,1319,1299,1299,1199,1299,1299,1229,1399,1319,1219,1399
Y,500,619,500,500,500,500,599,500,500,579,579,839,500,500,579,500,849,579,500,500,579,500
Y,1029,1019,1019,1019,1019,1029,919,1029,1029,969,989,1049,1019,1019,969,1019,1029,989,1029,1029,949,1029
,,,,,,,,,,,,,,,,,,,,,,
Y,1599,1599,1599,1599,1589,1599,1499,1589,1589,1549,1549,1559,1589,1599,1549,1589,1539,1559,1599,1589,1529,1599
,,,,,,,,,,,,,,,,,,,,,,
Y,1599,1569,1579,1579,1569,1599,1479,1579,1579,1499,1469,1499,1569,1579,1499,1569,1479,1589,1599,1579,1489,1599
Y,1149,1029,1239,1239,1249,1149,1019,1239,1239,999,999,1069,1239,1239,999,1239,1049,999,1149,1239,999,1149
Y,949,929,898,898,898,949,799,908,918,749,759,959,898,898,769,898,949,769,949,918,749,949
,,,,,,,,,,,,,,,,,,,,,,
Y,969,939,929,929,929,969,899,939,959,919,899,939,949,929,919,929,929,899,969,939,999,969
Y,1199,1129,1269,1269,1269,1199,1069,1269,1269,999,999,1069,1269,1269,999,1269,1049,999,1199,1269,999,1199
Y,1249,1179,1299,1299,1299,1249,1119,1299,1299,1049,1049,1119,1299,1299,1049,1299,1099,1049,1249,1299,1049,1249
,,,,,,,,,,,,,,,,,,,,,,
Y,839,829,849,849,849,839,849,849,,759,759,819,849,849,759,849,819,759,839,,,
Y,1039,1019,1019,1009,999,1039,999,999,,969,969,999,999,1019,969,1019,999,969,1039,,,
Y,1379,1359,1389,1389,1389,1379,1269,1389,1389,1249,1279,1339,1389,1389,1279,1389,1319,1279,1379,1389,1279,1379
Y,1449,1429,1439,1439,1449,1449,1319,1449,1449,1299,1329,1399,1439,1449,1329,1449,1379,1329,1449,1449,1329,1449
Y,1549,1549,1549,1549,1549,1549,1439,1559,1559,1409,1409,1489,1549,1549,1409,1549,1469,1409,1549,1559,1389,1549
Y,1579,1569,1579,1579,1579,1579,1469,1589,1589,1439,1439,1519,1579,1579,1439,1579,1499,1439,1579,1589,1409,1579
Y,1419,1399,1429,1429,1429,1419,1299,1429,1429,1309,1309,1349,1429,1429,1309,1429,1329,1309,1419,1429,1309,1419
,,,,,,,,,,,,,,,,,,,,,,
Y,759,769,729,729,719,759,699/749,719,719,719,719,669/719,719,739,719,719,669/719,719,759,719,719,759
Y,989,919,949,949,949,989,989,949,949,889,889,879,949,949,889,949,879,889,989,949,859,989
Y,989,969,939,949,929,989,899,939,919,939,939,919/959,939,939,939,939,919/959,929/939,989,919,939,989
,,,,,,,,,,,,,,,,,,,,,,
Y,500,500,500,500,500,500,500,500,,500,500,500,500,500,500,500,500,500,500,,500,
Y,500,500,500,500,500,500,500,500,,500,500,500,500,500,500,500,500,500,500,,500,
Y,500,500,500,500,500,500,500,500,,500,500,500,500,500,500,500,500,500,500,,500,
Y,500,500,500,500,500,500,500,500,,500,500,510,500,500,500,500,510,500,500,,500,
,,,,,,,,,,,,,,,,,,,,,,
Y,500,500,500,500,500,500,500,500,500,500,500,500,500,500,500,500,500,500,500,500,500,500
Y,500,500,500,500,500,500,500,500,500,500,500,500,500,500,500,500,500,500,500,500,500,500
Y,500,500,500,500,500,500,500,500,,500,500,500,500,500,500,500,500,500,500,,500,
Y,500,500,500,500,500,500,500,500,500,500,500,500,500,500,500,500,500,500,500,500,500,500
Y,500,500,500,500,500,500,500,500,500,500,500,510,500,500,500,500,510,500,500,500,500,500
Y,500,500,500,500,500,500,500,500,500,500,500,500,500,500,500,500,500,500,500,500,500,500
Y,500,500,500,500,500,500,500,500,,500,500,500,500,500,500,500,500,500,500,,,
Y,500,500,500,500,500,500,500,500,,500,500,500,500,500,500,500,500,500,500,,,
Y,1119,1099,1139,1139,1139,1119,1049,1139,1139,999,999,1089,1139,1139,999,1139,1069,999,1119,1139,1019,1119
Y,1169,1169,1169,1169,1179,1169,1099,1179,1179,1049,1049,1089,1169,1179,1049,1179,1069,1049,1169,1179,1149,1169
,,,,,,,,,,,,,,,,,,,,,,
Y,1149,1129,1169,1169,1169,1149,1079,1169,1169,1029,1029,1119,1169,1169,1029,1169,1099,1029,1149,1169,1049,1149
,,,,,,,,,,,,,,,,,,,,,,
,,,,,,,,,,,,,,,,,,,,,,
,,,,,,,,,,,,,,,,,,,,,,
,,,,,,,,,,,,,,,,,,,,,,
,,,,,,,,,,,,,,,,,,,,,,
Y,1549,1529,1519,1519,1519,1549,1399,1509,,1289,1249,1489,1519,1499,1249,1499,1469,1289,1549,,,
Y,1549,1529,1519,1519,1519,1549,1399,1509,,1289,1249,1469,1519,1499,1249,1499,1449,1289,1549,,,
,,,,,,,,,,,,,,,,,,,,,,
,,,,,,,,,,,,,,,,,,,,,,
Y,1549,1529,1519,1519,1519,1549,1399,,,1311,1311,1369,1519,,1311,,1449,1311,1549,,,
,,,,,,,,,,,,,,,,,,,,,,
Y,1549,1529,1519,1519,1519,1549,1399,1509,,1289,1289,1469,1519,1499,1289,1499,1449,1289,1549,,,
Y,1549,1529,1519,1519,1519,1549,1399,1509,,1289,1289,1469,1519,1499,1289,1499,1449,1289,1549,,,
Y,1549,1529,1519,1519,1519,1549,1399,,,1311,1311,1369,1519,,1311,,1449,1311,1549,,,
,,,,,,,,,,,,,,,,,,,,,,
,,,,,,,,,,,,,,,,,,,,,,
Y,859,849,849,849,849,859,699/799,849,849,819,819,789/839,849,849,819,849,789/839,819,859,849,819,859
Y,989,919,949,949,949,989,889,949,,889,889,829,949,949,889,949,829,889,989,,,989
Y,899,909,909,909,909,899,789,909,,879,879,889,909,909,879,909,889,879,899,,,
,,,,,,,,,,,,,,,,,,,,,,
,,,,,,,,,,,,,,,,,,,,,,
Y,789,769,769,769,769,789,799,769,,719,719,789,769,769,719,769,769,719,789,,,
,,,,,,,,,,,,,,,,,,,,,,
,,,,,,,,,,,,,,,,,,,,,,
Y,789,739,749,749,769,789,799,749,749,739,739,739,749,769,719,749,739,739,789,749,719,789
Y,829,799,809,809,809,829,719,809,,799,799,769,809,809,779,809,769,799,829,,,
Y,1559,1499,1559,1559,1539,1559,1399,1559,,1439,1419,1479,1559,1559,1439,1559,1459,1439,1559,,,
,,,,,,,,,,,,,,,,,,,,,,
Y,,,,,,,,,1559,,,,,,,,,,,1539,1429,1559
Y,1399,1399,1389,1389,1389,1399,1349,1399,1379,1349,1349,1419,1389,1389,1369,1389,1399,1369,1399,1379,1329,1399
,,,,,,,,,,,,,,,,,,,,,,
Y,1399,1369,1359,1359,1359,1399,1279,1379,1339,1289,1289,1359,1349,1359,1289,1359,1339,1289,1399,1339,1269,1399
,,,,,,,,,,,,,,,,,,,,,,
,,,,,,,,,,,,,,,,,,,,,,
,,,,,,,,,,,,,,,,,,,,,,
,,,,,,,,,,,,,,,,,,,,,,
,,,,,,,,,,,,,,,,,,,,,,
Y,1379,1359,1389,1389,1389,1379,1319,1389,,1249,1249,1319,1389,1389,1249,1389,1299,1249,1379,,,
Y,1549,1549,1549,1549,1549,1549,1419,1559,,1419,1419,1479,1549,1549,1419,1549,1459,1419,1549,,,
Y,1419,1399,1429,1429,1429,1419,1319,1429,,1279,1279,1359,1429,1429,1279,1429,1339,1279,1419,,,
Y,1579,1569,1579,1579,1579,1579,1499,1589,,1449,1449,1529,1579,1579,1449,1579,1519,1449,1579,,,
,,,,,,,,,,,,,,,,,,,,,,
Y,919,919,899,899,899,919,899,899,,819,799,849,899,899,799,899,829,799,919,,,
,,,,,,,,,,,,,,,,,,,,,,
Y,859,859,849,849,849,859,759/859,849,849,839,839,839/849,849,849,839,849,839/849,839,859,849,839,859/869
Y,899,919,909,909,909,899,789,909,,899,899,909,909,909,899,909,909,899,899,,,
,,,,,,,,,,,,,,,,,,,,,,
Y,899,899,899,899,899,899,899,899,899,709,709,879,899,899,709,899,879,709,899,899,709,899
Y,999,999,999,999,999,999,999,999,999,809,809,999,999,999,809,999,999,809,999,999,809,999
Y,899,899,899,899,899,899,899,899,899,689,689,859,899,899,689,899,859,689,899,899,689,899
,,,,,,,,,,,,,,,,,,,,,,
,,,,,,,,,,,,,,,,,,,,,,
,,,,,,,,,,,,,,,,,,,,,,
,,,,,,,,,,,,,,,,,,,,,,
,,,,,,,,,,,,,,,,,,,,,,
,,,,,,,,,,,,,,,,,,,,,,
,,,,,,,,,,,,,,,,,,,,,,
,,,,,,,,,,,,,,,,,,,,,,
,,,,,,,,,,,,,,,,,,,,,,
,,,,,,,,,,,,,,,,,,,,,,
,,,,,,,,,,,,,,,,,,,,,,
,,,,,,,,,,,,,,,,,,,,,,
,,,,,,,,,,,,,,,,,,,,,,
,,,,,,,,,,,,,,,,,,,,,,
Y,0,0,0,0,0,0,0,0,0,0,0,0,0,0,0,0,0,0,0,0,0,0
,,,,,,,,,,,,,,,,,,,,,,
,,,,,,,,,,,,,,,,,,,,,,
,,,,,,,,,,,,,,,,,,,,,,
Y,100,100,100,100,100,100,100,100,100,100,100,500,100,100,100,100,500,100,100,100,100,100
,,,,,,,,,,,,,,,,,,,,,,
,,,,,,,,,,,,,,,,,,,,,,
,,,,,,,,,,,,,,,,,,,,,,
,,,,,,,,,,,,,,,,,,,,,,
Y,599,579,599,599,599,599,529,599,599,499,499,519,599,599,499,599,519,499,599,599,499,599
Y,699,679,699,699,699,699,649,699,699,599,599,649,699,699,599,699,649,599,699,699,599,699
Y,599,579,599,599,599,599,499,599,599,479,479,519,599,599,479,599,519,479,599,599,479,599
,,,,,,,,,,,,,,,,,,,,,,
Y,389,389,389,389,389,389,389,389,389,389,389,389,389,389,389,389,389,389,389,389,389,389
Y,389,389,389,389,389,389,389,389,389,389,389,389,389,389,389,389,389,389,389,389,389,389
Y,389,389,389,389,389,389,389,389,,389,389,389,389,389,389,389,389,389,389,,,
Y,389,389,389,389,389,389,389,389,,389,389,389,389,389,389,389,389,389,389,,,
,,,,,,,,,,,,,,,,,,,,,,
,,,,,,,,,,,,,,,,,,,,,,
,,,,,,,,,,,,,,,,,,,,,,
,,,,,,,,,,,,,,,,,,,,,,
,,,,,,,,,,,,,,,,,,,,,,
,,,,,,,,,,,,,,,,,,,,,,
,,,,,,,,,,,,,,,,,,,,,,
,,,,,,,,,,,,,,,,,,,,,,
,,,,,,,,,,,,,,,,,,,,,,
,,,,,,,,,,,,,,,,,,,,,,
,,,,,,,,,,,,,,,,,,,,,,
,,,,,,,,,,,,,,,,,,,,,,
,,,,,,,,,,,,,,,,,,,,,,
,,,,,,,,,,,,,,,,,,,,,,
,,,,,,,,,,,,,,,,,,,,,,
,,,,,,,,,,,,,,,,,,,,,,
,,,,,,,,,,,,,,,,,,,,,,
,,,,,,,,,,,,,,,,,,,,,,
,,,,,,,,,,,,,,,,,,,,,,
,,,,,,,,,,,,,,,,,,,,,,
