any,1331,1332,1371,3983,10822,29022,29044,29169,40032,40315,40577,40734,40779,40902
,,,,,,,,,,,,,,
,,,,,,,,,,,,,,
,,,,,,,,,,,,,,
,,,,,,,,,,,,,,
,,,,,,,,,,,,,,
,,,,,,,,,,,,,,
,,,,,,,,,,,,,,
,,,,,,,,,,,,,,
,,,,,,,,,,,,,,
,,,,,,,,,,,,,,
,,,,,,,,,,,,,,
,,,,,,,,,,,,,,
Y,779,789,799,819,799,799,839,799,789,839,849,799,859,859
Y,1389,1389,1389,1389,1389,1389,1389,1389,1389,1389,1389,1389,1389,1389
,,,,,,,,,,,,,,
,,,,,,,,,,,,,,
,,,,,,,,,,,,,,
,,,,,,,,,,,,,,
,,,,,,,,,,,,,,
,,,,,,,,,,,,,,
Y,299,299,299,299,299,299,299,299,299,299,299,299,299,299
,,,,,,,,,,,,,,
,,,,,,,,,,,,,,
,,,,,,,,,,,,,,
Y,499,519,519,539,499,519,,,539,519,529,499,519,519
,,,,,,,,,,,,,,
,,,,,,,,,,,,,,
,,,,,,,,,,,,,,
,,,,,,,,,,,,,,
,,,,,,,,,,,,,,
,,,,,,,,,,,,,,
Y,219,219,219,219,219,219,219,219,219,219,219,219,219,219
,,,,,,,,,,,,,,
,,,,,,,,,,,,,,
,,,,,,,,,,,,,,
,,,,,,,,,,,,,,
,,,,,,,,,,,,,,
,,,,,,,,,,,,,,
,,,,,,,,,,,,,,
,,,,,,,,,,,,,,
,,,,,,,,,,,,,,
,,,,,,,,,,,,,,
,,,,,,,,,,,,,,
,,,,,,,,,,,,,,
,,,,,,,,,,,,,,
,,,,,,,,,,,,,,
,,,,,,,,,,,,,,
,,,,,,,,,,,,,,
,,,,,,,,,,,,,,
,,,,,,,,,,,,,,
,,,,,,,,,,,,,,
,,,,,,,,,,,,,,
,,,,,,,,,,,,,,
,,,,,,,,,,,,,,
,,,,,,,,,,,,,,
,,,,,,,,,,,,,,
,,,,,,,,,,,,,,
,,,,,,,,,,,,,,
,,,,,,,,,,,,,,
,,,,,,,,,,,,,,
,,,,,,,,,,,,,,
,,,,,,,,,,,,,,
,,,,,,,,,,,,,,
,,,,,,,,,,,,,,
,,,,,,,,,,,,,,
,,,,,,,,,,,,,,
,,,,,,,,,,,,,,
,,,,,,,,,,,,,,
,,,,,,,,,,,,,,
,,,,,,,,,,,,,,
,,,,,,,,,,,,,,
Y,1329,1299,1299,1279,1269,1299,1279,1299,1279,1259,1339,1279,1279,1279
,,,,,,,,,,,,,,
,,,,,,,,,,,,,,
,,,,,,,,,,,,,,
,,,,,,,,,,,,,,
,,,,,,,,,,,,,,
,,,,,,,,,,,,,,
,,,,,,,,,,,,,,
,,,,,,,,,,,,,,
,,,,,,,,,,,,,,
,,,,,,,,,,,,,,
,,,,,,,,,,,,,,
,,,,,,,,,,,,,,
,,,,,,,,,,,,,,
,,,,,,,,,,,,,,
,,,,,,,,,,,,,,
,,,,,,,,,,,,,,
,,,,,,,,,,,,,,
,,,,,,,,,,,,,,
,,,,,,,,,,,,,,
,,,,,,,,,,,,,,
,,,,,,,,,,,,,,
,,,,,,,,,,,,,,
,,,,,,,,,,,,,,
,,,,,,,,,,,,,,
,,,,,,,,,,,,,,
,,,,,,,,,,,,,,
,,,,,,,,,,,,,,
,,,,,,,,,,,,,,
,,,,,,,,,,,,,,
,,,,,,,,,,,,,,
,,,,,,,,,,,,,,
,,,,,,,,,,,,,,
,,,,,,,,,,,,,,
,,,,,,,,,,,,,,
,,,,,,,,,,,,,,
,,,,,,,,,,,,,,
,,,,,,,,,,,,,,
,,,,,,,,,,,,,,
,,,,,,,,,,,,,,
,,,,,,,,,,,,,,
,,,,,,,,,,,,,,
,,,,,,,,,,,,,,
,,,,,,,,,,,,,,
,,,,,,,,,,,,,,
,,,,,,,,,,,,,,
,,,,,,,,,,,,,,
,,,,,,,,,,,,,,
,,,,,,,,,,,,,,
,,,,,,,,,,,,,,
,,,,,,,,,,,,,,
,,,,,,,,,,,,,,
,,,,,,,,,,,,,,
,,,,,,,,,,,,,,
,,,,,,,,,,,,,,
,,,,,,,,,,,,,,
,,,,,,,,,,,,,,
Y,739,739,739,739,739,739,739,739,739,739,739,739,739,739
,,,,,,,,,,,,,,
,,,,,,,,,,,,,,
,,,,,,,,,,,,,,
,,,,,,,,,,,,,,
,,,,,,,,,,,,,,
,,,,,,,,,,,,,,
,,,,,,,,,,,,,,
,,,,,,,,,,,,,,
Y,899,899,899,899,899,699,599/699,699,699,799,899,699,699,729
Y,899,899,919,899,899,699,699,699,699,799,849,699,699,729
Y,649,539,579,579,549,619,619,599,529,619,669,599,639,639
,,,,,,,,,,,,,,
,,,,,,,,,,,,,,
,,,,,,,,,,,,,,
,,,,,,,,,,,,,,
,,,,,,,,,,,,,,
,,,,,,,,,,,,,,
,,,,,,,,,,,,,,
,,,,,,,,,,,,,,
,,,,,,,,,,,,,,
,,,,,,,,,,,,,,
,,,,,,,,,,,,,,
,,,,,,,,,,,,,,
,,,,,,,,,,,,,,
,,,,,,,,,,,,,,
,,,,,,,,,,,,,,
,,,,,,,,,,,,,,
,,,,,,,,,,,,,,
,,,,,,,,,,,,,,
,,,,,,,,,,,,,,
,,,,,,,,,,,,,,
,,,,,,,,,,,,,,
,,,,,,,,,,,,,,
,,,,,,,,,,,,,,
,,,,,,,,,,,,,,
,,,,,,,,,,,,,,
,,,,,,,,,,,,,,
,,,,,,,,,,,,,,
,,,,,,,,,,,,,,
,,,,,,,,,,,,,,
,,,,,,,,,,,,,,
,,,,,,,,,,,,,,
,,,,,,,,,,,,,,
,,,,,,,,,,,,,,
,,,,,,,,,,,,,,
,,,,,,,,,,,,,,
,,,,,,,,,,,,,,
,,,,,,,,,,,,,,
,,,,,,,,,,,,,,
Y,189,179,179,189,189,159,159,149,179,159,189,169,179,179
,,,,,,,,,,,,,,
Y,99,99,99,99,99,99,89,99,99,89,129,99,99,99
,,,,,,,,,,,,,,
Y,439,399,439,459,459,459,,,439,,439,419,439,439
,,,,,,,,,,,,,,
,,,,,,,,,,,,,,
Y,469,469,459,449,459,459,459,469,459,459,459,459,469,459
,,,,,,,,,,,,,,
,,,,,,,,,,,,,,
Y,519,519,519,499,499,509,,,499,,519,499,519,519
,,,,,,,,,,,,,,
,,,,,,,,,,,,,,
,,,,,,,,,,,,,,
,,,,,,,,,,,,,,
,,,,,,,,,,,,,,
,,,,,,,,,,,,,,
,,,,,,,,,,,,,,
,,,,,,,,,,,,,,
,,,,,,,,,,,,,,
,,,,,,,,,,,,,,
,,,,,,,,,,,,,,
,,,,,,,,,,,,,,
,,,,,,,,,,,,,,
,,,,,,,,,,,,,,
,,,,,,,,,,,,,,
,,,,,,,,,,,,,,
,,,,,,,,,,,,,,
,,,,,,,,,,,,,,
,,,,,,,,,,,,,,
,,,,,,,,,,,,,,
,,,,,,,,,,,,,,
,,,,,,,,,,,,,,
,,,,,,,,,,,,,,
,,,,,,,,,,,,,,
,,,,,,,,,,,,,,
,,,,,,,,,,,,,,
,,,,,,,,,,,,,,
,,,,,,,,,,,,,,
,,,,,,,,,,,,,,
,,,,,,,,,,,,,,
Y,199,169,199,179,179,189,,,169,,199,179,179,179
,,,,,,,,,,,,,,
Y,519,499,539,499,519,539,,,499,,519,489,519,539
,,,,,,,,,,,,,,
,,,,,,,,,,,,,,
,,,,,,,,,,,,,,
Y,519,499,539,499,519,539,,,499,,519,489,519,539
,,,,,,,,,,,,,,
Y,319,319,319,319,319,319,,,319,,329,319,319,319
,,,,,,,,,,,,,,
,,,,,,,,,,,,,,
,,,,,,,,,,,,,,
,,,,,,,,,,,,,,
,,,,,,,,,,,,,,
Y,599,529,549,549,549,589,,,549,,599,499,539,539
,,,,,,,,,,,,,,
,,,,,,,,,,,,,,
,,,,,,,,,,,,,,
,,,,,,,,,,,,,,
,,,,,,,,,,,,,,
,,,,,,,,,,,,,,
,,,,,,,,,,,,,,
,,,,,,,,,,,,,,
Y,199,169,199,179,179,189,,,169,,199,179,179,179
,,,,,,,,,,,,,,
Y,319,319,319,319,319,319,,,319,,329,319,319,319
,,,,,,,,,,,,,,
Y,519,499,539,499,519,539,,,499,,519,489,519,539
Y,599,529,549,549,549,589,,,549,,599,499,539,539
,,,,,,,,,,,,,,
,,,,,,,,,,,,,,
Y,519,499,539,499,519,539,,,499,,519,489,519,539
,,,,,,,,,,,,,,
,,,,,,,,,,,,,,
Y,519,499,539,499,519,539,,,499,,519,489,519,539
,,,,,,,,,,,,,,
Y,519,499,539,499,519,539,,,499,,519,489,519,539
,,,,,,,,,,,,,,
,,,,,,,,,,,,,,
Y,599,529,549,549,549,589,,,549,,599,499,539,539
,,,,,,,,,,,,,,
,,,,,,,,,,,,,,
,,,,,,,,,,,,,,
,,,,,,,,,,,,,,
,,,,,,,,,,,,,,
,,,,,,,,,,,,,,
Y,319,319,319,319,319,319,,,319,,329,319,319,319
,,,,,,,,,,,,,,
,,,,,,,,,,,,,,
,,,,,,,,,,,,,,
,,,,,,,,,,,,,,
,,,,,,,,,,,,,,
,,,,,,,,,,,,,,
,,,,,,,,,,,,,,
,,,,,,,,,,,,,,
,,,,,,,,,,,,,,
Y,0,0,0,0,0,0,0,0,0,0,0,0,0,0
,,,,,,,,,,,,,,
,,,,,,,,,,,,,,
Y,30,0,0,30,0,35,35,35,0,0,30,35,35,0
,,,,,,,,,,,,,,
Y,699,639,629,599,599,599,689,649,639,689,699,629,689,679
,,,,,,,,,,,,,,
,,,,,,,,,,,,,,
,,,,,,,,,,,,,,
Y,529,499,519,479,499,489,539,499,499,499,549,489,499,499
,,,,,,,,,,,,,,
Y,169,169,169,169,169,169,169,169,169,169,169,169,239,169
,,,,,,,,,,,,,,
Y,169,169,169,169,169,169,169,169,169,169,169,169,239,169
Y,169,169,169,169,169,169,169,169,169,169,169,169,239,169
,,,,,,,,,,,,,,
,,,,,,,,,,,,,,
,,,,,,,,,,,,,,
,,,,,,,,,,,,,,
,,,,,,,,,,,,,,
,,,,,,,,,,,,,,
,,,,,,,,,,,,,,
,,,,,,,,,,,,,,
,,,,,,,,,,,,,,
,,,,,,,,,,,,,,
,,,,,,,,,,,,,,
,,,,,,,,,,,,,,
,,,,,,,,,,,,,,
,,,,,,,,,,,,,,
,,,,,,,,,,,,,,
,,,,,,,,,,,,,,
,,,,,,,,,,,,,,
,,,,,,,,,,,,,,
,,,,,,,,,,,,,,
,,,,,,,,,,,,,,
,,,,,,,,,,,,,,
,,,,,,,,,,,,,,
,,,,,,,,,,,,,,
,,,,,,,,,,,,,,
Y,1500,1200,1400,1200,1200,1200,,,1200,,1400,1200,1200,1200
,,,,,,,,,,,,,,
Y,1500,1200,1400,1200,1200,,,,1200,,,,,
,,,,,,,,,,,,,,
,,,,,,,,,,,,,,
,,,,,,,,,,,,,,
,,,,,,,,,,,,,,
,,,,,,,,,,,,,,
,,,,,,,,,,,,,,
,,,,,,,,,,,,,,
,,,,,,,,,,,,,,
,,,,,,,,,,,,,,
,,,,,,,,,,,,,,
,,,,,,,,,,,,,,
,,,,,,,,,,,,,,
Y,279,239,279,259,259,259,259,259,259,229,279,259,259,249
Y,199,149,159,139,149,149,142,149,149,142,199,149,142,142
,,,,,,,,,,,,,,
Y,199,149,159,149,149,149,149,149,149,142,199,149,149,142
,,,,,,,,,,,,,,
,,,,,,,,,,,,,,
,,,,,,,,,,,,,,
Y,319,319,319,319,319,319,,,319,319,319,319,319,319
,,,,,,,,,,,,,,
,,,,,,,,,,,,,,
,,,,,,,,,,,,,,
,,,,,,,,,,,,,,
,,,,,,,,,,,,,,
,,,,,,,,,,,,,,
,,,,,,,,,,,,,,
,,,,,,,,,,,,,,
,,,,,,,,,,,,,,
,,,,,,,,,,,,,,
,,,,,,,,,,,,,,
,,,,,,,,,,,,,,
,,,,,,,,,,,,,,
,,,,,,,,,,,,,,
,,,,,,,,,,,,,,
,,,,,,,,,,,,,,
,,,,,,,,,,,,,,
,,,,,,,,,,,,,,
,,,,,,,,,,,,,,
,,,,,,,,,,,,,,
,,,,,,,,,,,,,,
,,,,,,,,,,,,,,
,,,,,,,,,,,,,,
,,,,,,,,,,,,,,
Y,239,239,239,239,239,239,239,239,239,239,239,239,239,239
,,,,,,,,,,,,,,
,,,,,,,,,,,,,,
,,,,,,,,,,,,,,
,,,,,,,,,,,,,,
,,,,,,,,,,,,,,
,,,,,,,,,,,,,,
,,,,,,,,,,,,,,
Y,40,30,40,30,30,30,30,30,30,30,40,30,30,30
,,,,,,,,,,,,,,
,,,,,,,,,,,,,,
,,,,,,,,,,,,,,
,,,,,,,,,,,,,,
,,,,,,,,,,,,,,
,,,,,,,,,,,,,,
,,,,,,,,,,,,,,
,,,,,,,,,,,,,,
,,,,,,,,,,,,,,
,,,,,,,,,,,,,,
,,,,,,,,,,,,,,
,,,,,,,,,,,,,,
,,,,,,,,,,,,,,
,,,,,,,,,,,,,,
,,,,,,,,,,,,,,
,,,,,,,,,,,,,,
,,,,,,,,,,,,,,
,,,,,,,,,,,,,,
,,,,,,,,,,,,,,
,,,,,,,,,,,,,,
,,,,,,,,,,,,,,
,,,,,,,,,,,,,,
,,,,,,,,,,,,,,
,,,,,,,,,,,,,,
,,,,,,,,,,,,,,
Y,159,149,149,149,149,149,149,149,149,149,149,159,149,149
,,,,,,,,,,,,,,
,,,,,,,,,,,,,,
,,,,,,,,,,,,,,
,,,,,,,,,,,,,,
,,,,,,,,,,,,,,
,,,,,,,,,,,,,,
,,,,,,,,,,,,,,
,,,,,,,,,,,,,,
,,,,,,,,,,,,,,
Y,40,30,40,30,30,30,30,30,30,30,40,30,30,30
,,,,,,,,,,,,,,
,,,,,,,,,,,,,,
,,,,,,,,,,,,,,
,,,,,,,,,,,,,,
,,,,,,,,,,,,,,
Y,,,,,,,189,189,,299,,,,
,,,,,,,,,,,,,,
,,,,,,,,,,,,,,
,,,,,,,,,,,,,,
,,,,,,,,,,,,,,
,,,,,,,,,,,,,,
,,,,,,,,,,,,,,
,,,,,,,,,,,,,,
,,,,,,,,,,,,,,
,,,,,,,,,,,,,,
,,,,,,,,,,,,,,
,,,,,,,,,,,,,,
,,,,,,,,,,,,,,
,,,,,,,,,,,,,,
,,,,,,,,,,,,,,
,,,,,,,,,,,,,,
,,,,,,,,,,,,,,
,,,,,,,,,,,,,,
,,,,,,,,,,,,,,
,,,,,,,,,,,,,,
,,,,,,,,,,,,,,
,,,,,,,,,,,,,,
,,,,,,,,,,,,,,
,,,,,,,,,,,,,,
,,,,,,,,,,,,,,
,,,,,,,,,,,,,,
,,,,,,,,,,,,,,
,,,,,,,,,,,,,,
,,,,,,,,,,,,,,
,,,,,,,,,,,,,,
,,,,,,,,,,,,,,
,,,,,,,,,,,,,,
,,,,,,,,,,,,,,
,,,,,,,,,,,,,,
,,,,,,,,,,,,,,
,,,,,,,,,,,,,,
,,,,,,,,,,,,,,
Y,179,179,179,179,179,179,179,179,179,179,189,179,179,179
Y,479,479,479,479,479,479,479,479,479,479,479,479,479,479
,,,,,,,,,,,,,,
,,,,,,,,,,,,,,
,,,,,,,,,,,,,,
,,,,,,,,,,,,,,
,,,,,,,,,,,,,,
Y,399,399,379,389,379,399,419,419,389,419,399,399,419,419
Y,399,399,379,389,379,399,,,389,,399,399,419,419
Y,399,399,379,389,379,399,419,419,389,419,399,399,419,419
,,,,,,,,,,,,,,
,,,,,,,,,,,,,,
,,,,,,,,,,,,,,
,,,,,,,,,,,,,,
,,,,,,,,,,,,,,
,,,,,,,,,,,,,,
,,,,,,,,,,,,,,
,,,,,,,,,,,,,,
,,,,,,,,,,,,,,
,,,,,,,,,,,,,,
,,,,,,,,,,,,,,
,,,,,,,,,,,,,,
Y,379,349,359,339,359,349,369,399,359,339,379,369,369,369
Y,379,349,359,339,359,349,,,359,,379,369,369,369
Y,379,349,359,339,359,349,369,399,359,339,379,369,369,369
,,,,,,,,,,,,,,
,,,,,,,,,,,,,,
,,,,,,,,,,,,,,
,,,,,,,,,,,,,,
,,,,,,,,,,,,,,
,,,,,,,,,,,,,,
,,,,,,,,,,,,,,
Y,0,0,0,0,0,0,0,0,0,0,0,0,0,0
,,,,,,,,,,,,,,
,,,,,,,,,,,,,,
Y,219,219,219,219,219,219,219,219,219,219,219,219,219,219
,,,,,,,,,,,,,,
,,,,,,,,,,,,,,
,,,,,,,,,,,,,,
Y,15,15,20,15,15,15,,,15,,50,15,15,15
,,,,,,,,,,,,,,
,,,,,,,,,,,,,,
,,,,,,,,,,,,,,
,,,,,,,,,,,,,,
,,,,,,,,,,,,,,
,,,,,,,,,,,,,,
Y,339,299,319,200,200,319,319,329,319,319,349,319,319,339
,,,,,,,,,,,,,,
Y,339,299,319,200,200,319,319,329,319,319,349,319,319,339
,,,,,,,,,,,,,,
,,,,,,,,,,,,,,
,,,,,,,,,,,,,,
,,,,,,,,,,,,,,
,,,,,,,,,,,,,,
,,,,,,,,,,,,,,
,,,,,,,,,,,,,,
,,,,,,,,,,,,,,
Y,60,60,60,60,60,60,,,60,,60/100,60,60,60
,,,,,,,,,,,,,,
Y,75,75,80,75,75,75,,,75,,100,75,75,75
Y,389,369,359,399,349,429,439,439,369,439,399,379,419,419
Y,389,369,359,399,349,429,439,,369,,399,379,419,419
Y,419,399,389,419,379,449,479,459,419,459,449,399,439,439
Y,419,399,389,419,379,449,479,459,419,459,449,399,439,439
,,,,,,,,,,,,,,
,,,,,,,,,,,,,,
,,,,,,,,,,,,,,
,,,,,,,,,,,,,,
,,,,,,,,,,,,,,
,,,,,,,,,,,,,,
,,,,,,,,,,,,,,
,,,,,,,,,,,,,,
,,,,,,,,,,,,,,
,,,,,,,,,,,,,,
,,,,,,,,,,,,,,
,,,,,,,,,,,,,,
,,,,,,,,,,,,,,
,,,,,,,,,,,,,,
,,,,,,,,,,,,,,
,,,,,,,,,,,,,,
,,,,,,,,,,,,,,
,,,,,,,,,,,,,,
,,,,,,,,,,,,,,
,,,,,,,,,,,,,,
,,,,,,,,,,,,,,
,,,,,,,,,,,,,,
,,,,,,,,,,,,,,
,,,,,,,,,,,,,,
,,,,,,,,,,,,,,
,,,,,,,,,,,,,,
,,,,,,,,,,,,,,
,,,,,,,,,,,,,,
,,,,,,,,,,,,,,
,,,,,,,,,,,,,,
,,,,,,,,,,,,,,
,,,,,,,,,,,,,,
,,,,,,,,,,,,,,
,,,,,,,,,,,,,,
,,,,,,,,,,,,,,
,,,,,,,,,,,,,,
,,,,,,,,,,,,,,
,,,,,,,,,,,,,,
,,,,,,,,,,,,,,
,,,,,,,,,,,,,,
,,,,,,,,,,,,,,
,,,,,,,,,,,,,,
,,,,,,,,,,,,,,
,,,,,,,,,,,,,,
,,,,,,,,,,,,,,
,,,,,,,,,,,,,,
,,,,,,,,,,,,,,
,,,,,,,,,,,,,,
Y,799,779,769,769,769,639,759,699,749,739,799,749,729,739
,,,,,,,,,,,,,,
Y,199,199,199,199,199,199,,,199,,199,199,199,199
,,,,,,,,,,,,,,
Y,819,769,799,799,799,799,899,789,769,799,799,759,799,779
,,,,,,,,,,,,,,
,,,,,,,,,,,,,,
Y,349,339,339,349,359,329,329,359,359,329,339,319,359,369
Y,439,429,429,449,429,439,419,419,429,419,439,429,419,419
,,,,,,,,,,,,,,
,,,,,,,,,,,,,,
,,,,,,,,,,,,,,
,,,,,,,,,,,,,,
,,,,,,,,,,,,,,
Y,939,949,949,949,929,899,889,849,949,819,949,929,929,919
Y,969,989,989,989,989,919,899,899,989,859,959,979,949,969
,,,,,,,,,,,,,,
,,,,,,,,,,,,,,
Y,839,819,819,819,839,839,839,789,819,779,799,819,849,849
,,,,,,,,,,,,,,
,,,,,,,,,,,,,,
,,,,,,,,,,,,,,
,,,,,,,,,,,,,,
,,,,,,,,,,,,,,
,,,,,,,,,,,,,,
,,,,,,,,,,,,,,
,,,,,,,,,,,,,,
,,,,,,,,,,,,,,
,,,,,,,,,,,,,,
,,,,,,,,,,,,,,
,,,,,,,,,,,,,,
,,,,,,,,,,,,,,
Y,299,299,299,299,299,299,299,299,299,299,299,299,299,299
Y,299,299,299,299,299,,,,,299,299,,,299
,,,,,,,,,,,,,,
,,,,,,,,,,,,,,
,,,,,,,,,,,,,,
,,,,,,,,,,,,,,
,,,,,,,,,,,,,,
,,,,,,,,,,,,,,
,,,,,,,,,,,,,,
,,,,,,,,,,,,,,
,,,,,,,,,,,,,,
,,,,,,,,,,,,,,
,,,,,,,,,,,,,,
,,,,,,,,,,,,,,
,,,,,,,,,,,,,,
,,,,,,,,,,,,,,
,,,,,,,,,,,,,,
,,,,,,,,,,,,,,
,,,,,,,,,,,,,,
,,,,,,,,,,,,,,
,,,,,,,,,,,,,,
,,,,,,,,,,,,,,
,,,,,,,,,,,,,,
,,,,,,,,,,,,,,
,,,,,,,,,,,,,,
,,,,,,,,,,,,,,
,,,,,,,,,,,,,,
,,,,,,,,,,,,,,
,,,,,,,,,,,,,,
,,,,,,,,,,,,,,
,,,,,,,,,,,,,,
Y,169,129,169,169,169,149,149,149,169,139,169,149,149,159
Y,149,129,169,129,129,149,149,149,169,139,139,149,149,159
,,,,,,,,,,,,,,
Y,149,129,169,129,129,149,149,149,169,139,139,149,149,159
Y,149,129,169,129,129,149,149,149,169,139,139,149,149,159
Y,149,129,169,129,129,149,149,149,169,139,139,149,149,159
Y,149,129,169,129,129,149,149,149,169,139,139,149,149,159
Y,149,129,169,129,129,149,149,149,169,139,139,149,149,159
Y,149,129,159,129,129,149,149,149,159,129,139,149,149,149
,,,,,,,,,,,,,,
,,,,,,,,,,,,,,
,,,,,,,,,,,,,,
,,,,,,,,,,,,,,
Y,69/100,99/100,69/100,69/100,69/100,69/100,,,69/100,,79/100,69/100,69/100,69/100
Y,129,239,,139,129,129,,,129,,129,129,129,129
,,,,,,,,,,,,,,
,,,,,,,,,,,,,,
,,,,,,,,,,,,,,
Y,50,30,50,50,30,30,30,30,30,30,50,30,30,30
,,,,,,,,,,,,,,
,,,,,,,,,,,,,,
,,,,,,,,,,,,,,
,,,,,,,,,,,,,,
,,,,,,,,,,,,,,
,,,,,,,,,,,,,,
,,,,,,,,,,,,,,
,,,,,,,,,,,,,,
,,,,,,,,,,,,,,
,,,,,,,,,,,,,,
,,,,,,,,,,,,,,
,,,,,,,,,,,,,,
,,,,,,,,,,,,,,
,,,,,,,,,,,,,,
Y,219/639,200/619,200/639,200/629,200/629,210/599,240/599,239/599,200/619,240/619,250/619,200/589,200/619,200/619
,,,,,,,,,,,,,,
,,,,,,,,,,,,,,
,,,,,,,,,,,,,,
,,,,,,,,,,,,,,
,,,,,,,,,,,,,,
,,,,,,,,,,,,,,
,,,,,,,,,,,,,,
,,,,,,,,,,,,,,
,,,,,,,,,,,,,,
,,,,,,,,,,,,,,
,,,,,,,,,,,,,,
,,,,,,,,,,,,,,
,,,,,,,,,,,,,,
,,,,,,,,,,,,,,
,,,,,,,,,,,,,,
,,,,,,,,,,,,,,
,,,,,,,,,,,,,,
Y,489,479,459,469,469,459,459,459,459,459,489,459,459,459
,,,,,,,,,,,,,,
Y,449,439,419,439,439,419,419,419,429,439,449,419,419,439
Y,299,289,289,289,289,289,289,289,289,289,299,289,289,289
,,,,,,,,,,,,,,
Y,80,80,80,80,80,80,,,80,,89,80,80,80
,,,,,,,,,,,,,,
Y,70,65,65,65,65,65,65,65,65,65,89,65,65,65
,,,,,,,,,,,,,,
Y,,,,,,80,,,,,,,80,
,,,,,,,,,,,,,,
,,,,,,,,,,,,,,
,,,,,,,,,,,,,,
Y,179,,159,159,159,169,169,169,159,169,199,159,169,169
,,,,,,,,,,,,,,
,,,,,,,,,,,,,,
,,,,,,,,,,,,,,
,,,,,,,,,,,,,,
Y,50,50,50,50,50,50,50,50,50,50,50,50,50,50
,,,,,,,,,,,,,,
,,,,,,,,,,,,,,
,,,,,,,,,,,,,,
,,,,,,,,,,,,,,
,,,,,,,,,,,,,,
,,,,,,,,,,,,,,
,,,,,,,,,,,,,,
,,,,,,,,,,,,,,
Y,479,444,449,444,444,449,,,444,,449,449,449,444
,,,,,,,,,,,,,,
,,,,,,,,,,,,,,
,,,,,,,,,,,,,,
,,,,,,,,,,,,,,
,,,,,,,,,,,,,,
Y,479,444,449,444,444,449,,,444,,449,449,449,444
,,,,,,,,,,,,,,
,,,,,,,,,,,,,,
,,,,,,,,,,,,,,
,,,,,,,,,,,,,,
,,,,,,,,,,,,,,
,,,,,,,,,,,,,,
,,,,,,,,,,,,,,
,,,,,,,,,,,,,,
,,,,,,,,,,,,,,
,,,,,,,,,,,,,,
,,,,,,,,,,,,,,
,,,,,,,,,,,,,,
,,,,,,,,,,,,,,
,,,,,,,,,,,,,,
,,,,,,,,,,,,,,
,,,,,,,,,,,,,,
,,,,,,,,,,,,,,
,,,,,,,,,,,,,,
,,,,,,,,,,,,,,
,,,,,,,,,,,,,,
,,,,,,,,,,,,,,
,,,,,,,,,,,,,,
,,,,,,,,,,,,,,
,,,,,,,,,,,,,,
,,,,,,,,,,,,,,
,,,,,,,,,,,,,,
,,,,,,,,,,,,,,
,,,,,,,,,,,,,,
,,,,,,,,,,,,,,
,,,,,,,,,,,,,,
,,,,,,,,,,,,,,
,,,,,,,,,,,,,,
,,,,,,,,,,,,,,
,,,,,,,,,,,,,,
,,,,,,,,,,,,,,
,,,,,,,,,,,,,,
,,,,,,,,,,,,,,
Y,100,100,100,100,100,50,30,30,100,30,100,100,50,50
,,,,,,,,,,,,,,
,,,,,,,,,,,,,,
,,,,,,,,,,,,,,
,,,,,,,,,,,,,,
,,,,,,,,,,,,,,
,,,,,,,,,,,,,,
,,,,,,,,,,,,,,
,,,,,,,,,,,,,,
,,,,,,,,,,,,,,
,,,,,,,,,,,,,,
,,,,,,,,,,,,,,
,,,,,,,,,,,,,,
,,,,,,,,,,,,,,
Y,0,0,0,0,0,0,0,0,0,0,0,0,0,0
Y,,,0,,0,0,,,0,0,,,,0
,,,,,,,,,,,,,,
,,,,,,,,,,,,,,
,,,,,,,,,,,,,,
,,,,,,,,,,,,,,
,,,,,,,,,,,,,,
Y,269,289,289,289,269,299,,,269,,269,309,329,329
Y,369,379,369,389,369,399,399,399,369,399,389,369,399,399
Y,329,299,289,299,299,289,289,319,299,299,299,299,299,319
Y,329,319,299,319,319,299,299,329,319,319,329,319,319,329
Y,329,319,299,319,319,299,,,319,319,329,319,319,329
Y,339,289,289,289,289,289,289,319,289,299,289,299,299,319
Y,329,319,299,319,319,299,,,319,319,329,319,319,329
,,,,,,,,,,,,,,
Y,150,150,150,150,150,150,150,150,150,150,150,150,150,150
Y,,350,,,,,,,,350,,,,350
Y,,400,,,,,,,,400,,,,400
Y,,400,,,,,,,,400,,,,400
Y,,400,,,,,,,,400,,,,400
Y,400,400,,,,,,,,400,400,,,400
Y,,400,,,,,,,,400,,,,400
,,,,,,,,,,,,,,
Y,150,150,150,150,150,150,150,150,150,,150,150,150,150
,,,,,,,,,,,,,,
,,,,,,,,,,,,,,
,,,,,,,,,,,,,,
Y,399,369,369,369,369,419,,,369,,379,399,409,369
,,,,,,,,,,,,,,
,,,,,,,,,,,,,,
Y,369,379,369,389,369,399,,,369,,389,369,399,399
Y,439,449,439,419,419,399,,,439,,439,399,389,399
Y,329,299,319,299,299,319,339,339,289,319,319,319,339,319
Y,329,299,319,299,299,319,339,339,289,319,319,319,339,319
,,,,,,,,,,,,,,
Y,329,299,319,299,299,319,339,339,289,319,319,319,339,319
,,,,,,,,,,,,,,
Y,329,299,319,299,299,319,339,339,289,319,319,319,339,319
Y,329,299,319,299,299,319,339,339,289,319,319,319,339,319
,,,,,,,,,,,,,,
Y,289,259,259,239,259,259,259,259,239,259,239,249,259,239
Y,289,259,259,239,259,259,259,259,239,259,239,249,259,239
Y,429,449,429,429,429,449,,439,429,439,439,419,459,459
Y,429,449,429,429,429,449,,439,429,439,439,419,459,459
Y,429,449,429,429,429,449,,439,429,439,439,419,459,459
Y,399,369,369,369,369,399,,,369,,379,399,409,369
,,,,,,,,,,,,,,
,,,,,,,,,,,,,,
Y,439,379,439,439,439,449,,,439,,449,419,439,439
,,,,,,,,,,,,,,
,,,,,,,,,,,,,,
,,,,,,,,,,,,,,
Y,439,379,439,439,439,449,,,439,,449,419,439,439
,,,,,,,,,,,,,,
Y,439,379,439,439,439,449,,,439,,449,419,439,439
,,,,,,,,,,,,,,
,,,,,,,,,,,,,,
,,,,,,,,,,,,,,
,,,,,,,,,,,,,,
,,,,,,,,,,,,,,
Y,209,219,219,219,219,179,189,189,219,193,219,209,199,196
Y,399,399,399,399,399,399,,,399,,419,429,439,399
,,,,,,,,,,,,,,
Y,329,299,319,299,299,319,339,339,289,319,319,319,339,319
Y,429,399,419,419,399,399,419,439,399,419,399,399,419,419
Y,399,399,419,399,399,399,419,439,399,399,399,399,399,399
Y,429,399,419,419,399,399,419,439,399,419,399,399,419,419
Y,,319,319,319,319,,,,,319,,,,319
Y,,319,,319,319,,,,,,,,,319
Y,329,299,319,299,299,319,339,339,289,319,319,319,339,319
Y,,369,,369,,,,,,,,389,409,389
,,,,,,,,,,,,,,
,,,,,,,,,,,,,,
,,,,,,,,,,,,,,
,,,,,,,,,,,,,,
Y,209,219,219,219,219,179,189,189,219,193,219,209,199,196
Y,119,119,119,119,119,129,120,120,119,120,119,119,129,129
Y,329,299,329,299,299,319,339,339,289,299,329,319,339,299
Y,119,119,119,119,119,129,120,120,119,120,119,119,129,129
,,,,,,,,,,,,,,
Y,209,219,219,219,219,179,189,189,219,193,219,209,199,196
Y,119,119,119,119,119,129,120,120,119,120,119,119,129,129
,,,,,,,,,,,,,,
Y,209,219,219,219,219,179,189,189,219,193,219,209,199,196
,,,,,,,,,,,,,,
Y,119,119,119,119,119,129,120,120,119,120,119,119,129,129
,,,,,,,,,,,,,,
,,,,,,,,,,,,,,
,,,,,,,,,,,,,,
Y,299,299,299,299,299,299,299,299,299,299,299,299,299,299
Y,339,339,339,339,339,339,339,339,339,339,339,339,339,339
Y,359/389,349/359,349/369,349/369,349/369,359/389,359/389,359/389,349/369,389,359/389,389/459,359/389,389
,,,,,,,,,,,,,,
,,,,,,,,,,,,,,
,,,,,,,,,,,,,,
,,,,,,,,,,,,,,
,,,,,,,,,,,,,,
,,,,,,,,,,,,,,
Y,99,99,99,99,99,99,99,99,99,99,99,99,99,99
,,,,,,,,,,,,,,
,,,,,,,,,,,,,,
,,,,,,,,,,,,,,
,,,,,,,,,,,,,,
,,,,,,,,,,,,,,
,,,,,,,,,,,,,,
,,,,,,,,,,,,,,
,,,,,,,,,,,,,,
,,,,,,,,,,,,,,
,,,,,,,,,,,,,,
,,,,,,,,,,,,,,
,,,,,,,,,,,,,,
,,,,,,,,,,,,,,
,,,,,,,,,,,,,,
,,,,,,,,,,,,,,
,,,,,,,,,,,,,,
,,,,,,,,,,,,,,
,,,,,,,,,,,,,,
,,,,,,,,,,,,,,
,,,,,,,,,,,,,,
,,,,,,,,,,,,,,
,,,,,,,,,,,,,,
,,,,,,,,,,,,,,
,,,,,,,,,,,,,,
,,,,,,,,,,,,,,
,,,,,,,,,,,,,,
,,,,,,,,,,,,,,
,,,,,,,,,,,,,,
,,,,,,,,,,,,,,
,,,,,,,,,,,,,,
,,,,,,,,,,,,,,
,,,,,,,,,,,,,,
,,,,,,,,,,,,,,
Y,,,,,,569,569,569,,,599,569,569,
Y,589,569,569,569,569,569,569,569,569,569,599,569,569,569
Y,589,569,569,569,569,569,569,569,569,569,599,569,569,569
,,,,,,,,,,,,,,
,,,,,,,,,,,,,,
,,,,,,,,,,,,,,
,,,,,,,,,,,,,,
,,,,,,,,,,,,,,
,,,,,,,,,,,,,,
,,,,,,,,,,,,,,
,,,,,,,,,,,,,,
Y,519,479,449,449,449,499,499,499,449,499,529,499,499,499
,,,,,,,,,,,,,,
,,,,,,,,,,,,,,
Y,519,479,449,449,449,499,499,499,449,499,529,499,499,499
,,,,,,,,,,,,,,
Y,,,,,,489,489,489,,,519,489,489,
Y,509,489,489,489,489,489,489,489,489,489,519,489,489,489
Y,509,489,489,489,489,489,489,489,489,489,519,489,489,489
,,,,,,,,,,,,,,
Y,,,,,,529,529,529,,,559,529,529,
Y,549,529,529,529,529,529,529,529,529,529,559,529,529,529
Y,549,529,529,529,529,529,529,529,529,529,559,529,529,529
,,,,,,,,,,,,,,
,,,,,,,,,,,,,,
,,,,,,,,,,,,,,
,,,,,,,,,,,,,,
,,,,,,,,,,,,,,
,,,,,,,,,,,,,,
,,,,,,,,,,,,,,
,,,,,,,,,,,,,,
,,,,,,,,,,,,,,
,,,,,,,,,,,,,,
,,,,,,,,,,,,,,
Y,519,469,509,509,509,489,489,489,509,,519,489,489,
Y,509,489,489,489,489,489,489,489,489,489,519,489,489,489
Y,509,489,489,489,489,489,489,489,489,489,519,489,489,489
,,,,,,,,,,,,,,
Y,,,,,,539,539,539,,,569,539,539,
Y,559,539,539,539,539,539,539,539,539,539,569,539,539,539
Y,559,539,539,539,539,539,539,539,539,539,569,539,539,539
Y,,,,,,539,539,539,,,569,539,539,
Y,559,539,539,539,539,539,539,539,539,,569,539,539,539
Y,559,539,539,539,539,539,539,539,539,,569,539,539,539
Y,509,489,489,489,489,489,489,489,489,,519,489,489,
Y,509,489,489,489,489,489,489,489,489,489,519,489,489,489
Y,509,489,489,489,489,489,489,489,489,489,519,489,489,489
,,,,,,,,,,,,,,
,,,,,,,,,,,,,,
Y,379/399,369/379,369/379,369/379,369/379,379/399,379/399,379/399,369/379,379/399,399,379/399,379/399,379/399
,,,,,,,,,,,,,,
,,,,,,,,,,,,,,
,,,,,,,,,,,,,,
,,,,,,,,,,,,,,
,,,,,,,,,,,,,,
,,,,,,,,,,,,,,
,,,,,,,,,,,,,,
,,,,,,,,,,,,,,
Y,0,0,0,0,0,0,0,0,0,0,0,0,0,0
,,,,,,,,,,,,,,
,,,,,,,,,,,,,,
,,,,,,,,,,,,,,
,,,,,,,,,,,,,,
,,,,,,,,,,,,,,
,,,,,,,,,,,,,,
,,,,,,,,,,,,,,
,,,,,,,,,,,,,,
,,,,,,,,,,,,,,
,,,,,,,,,,,,,,
,,,,,,,,,,,,,,
Y,299,249,299,200,200,249,,249,249,249,299,249,249,249
Y,389,399,389,379,399,399,,369,379,359,389,359,399,399
Y,439,449,439,429,429,449,,439,429,439,439,419,459,459
Y,359,339,359,319,319,369,,319,369,339,359,319,369,349
,,,,,,,,,,,,,,
,,,,,,,,,,,,,,
,,,,,,,,,,,,,,
,,,,,,,,,,,,,,
,,,,,,,,,,,,,,
,,,,,,,,,,,,,,
,,,,,,,,,,,,,,
,,,,,,,,,,,,,,
Y,40/50,25/50,30/50,20/50,20/50,50,50,50,20/50,50,30/50,20/50,40/50,40/50
,,,,,,,,,,,,,,
,,,,,,,,,,,,,,
,,,,,,,,,,,,,,
,,,,,,,,,,,,,,
,,,,,,,,,,,,,,
,,,,,,,,,,,,,,
,,,,,,,,,,,,,,
,,,,,,,,,,,,,,
,,,,,,,,,,,,,,
,,,,,,,,,,,,,,
,,,,,,,,,,,,,,
,,,,,,,,,,,,,,
,,,,,,,,,,,,,,
,,,,,,,,,,,,,,
,,,,,,,,,,,,,,
,,,,,,,,,,,,,,
,,,,,,,,,,,,,,
,,,,,,,,,,,,,,
,,,,,,,,,,,,,,
,,,,,,,,,,,,,,
,,,,,,,,,,,,,,
,,,,,,,,,,,,,,
,,,,,,,,,,,,,,
,,,,,,,,,,,,,,
,,,,,,,,,,,,,,
,,,,,,,,,,,,,,
,,,,,,,,,,,,,,
,,,,,,,,,,,,,,
,,,,,,,,,,,,,,
,,,,,,,,,,,,,,
,,,,,,,,,,,,,,
,,,,,,,,,,,,,,
,,,,,,,,,,,,,,
,,,,,,,,,,,,,,
,,,,,,,,,,,,,,
,,,,,,,,,,,,,,
,,,,,,,,,,,,,,
,,,,,,,,,,,,,,
,,,,,,,,,,,,,,
,,,,,,,,,,,,,,
,,,,,,,,,,,,,,
,,,,,,,,,,,,,,
,,,,,,,,,,,,,,
,,,,,,,,,,,,,,
,,,,,,,,,,,,,,
,,,,,,,,,,,,,,
,,,,,,,,,,,,,,
,,,,,,,,,,,,,,
,,,,,,,,,,,,,,
,,,,,,,,,,,,,,
,,,,,,,,,,,,,,
,,,,,,,,,,,,,,
,,,,,,,,,,,,,,
,,,,,,,,,,,,,,
,,,,,,,,,,,,,,
,,,,,,,,,,,,,,
,,,,,,,,,,,,,,
,,,,,,,,,,,,,,
,,,,,,,,,,,,,,
,,,,,,,,,,,,,,
,,,,,,,,,,,,,,
,,,,,,,,,,,,,,
,,,,,,,,,,,,,,
,,,,,,,,,,,,,,
,,,,,,,,,,,,,,
,,,,,,,,,,,,,,
,,,,,,,,,,,,,,
,,,,,,,,,,,,,,
Y,299,249,249,200,200,249,,249,249,249,299,249,249,249
Y,299,249,249,200,200,249,,249,249,249,299,249,249,249
Y,299,249,249,200,200,249,,249,249,249,299,249,249,249
,,,,,,,,,,,,,,
,,,,,,,,,,,,,,
,,,,,,,,,,,,,,
,,,,,,,,,,,,,,
,,,,,,,,,,,,,,
,,,,,,,,,,,,,,
,,,,,,,,,,,,,,
,,,,,,,,,,,,,,
,,,,,,,,,,,,,,
Y,439,404,404,404,404,419,,,404,,419,409,419,414
,,,,,,,,,,,,,,
,,,,,,,,,,,,,,
,,,,,,,,,,,,,,
,,,,,,,,,,,,,,
,,,,,,,,,,,,,,
Y,439,404,404,404,404,419,,,404,,419,409,419,414
,,,,,,,,,,,,,,
,,,,,,,,,,,,,,
,,,,,,,,,,,,,,
,,,,,,,,,,,,,,
,,,,,,,,,,,,,,
,,,,,,,,,,,,,,
,,,,,,,,,,,,,,
,,,,,,,,,,,,,,
,,,,,,,,,,,,,,
,,,,,,,,,,,,,,
,,,,,,,,,,,,,,
,,,,,,,,,,,,,,
,,,,,,,,,,,,,,
,,,,,,,,,,,,,,
,,,,,,,,,,,,,,
,,,,,,,,,,,,,,
,,,,,,,,,,,,,,
,,,,,,,,,,,,,,
,,,,,,,,,,,,,,
,,,,,,,,,,,,,,
,,,,,,,,,,,,,,
,,,,,,,,,,,,,,
,,,,,,,,,,,,,,
,,,,,,,,,,,,,,
,,,,,,,,,,,,,,
,,,,,,,,,,,,,,
,,,,,,,,,,,,,,
,,,,,,,,,,,,,,
,,,,,,,,,,,,,,
,,,,,,,,,,,,,,
,,,,,,,,,,,,,,
,,,,,,,,,,,,,,
,,,,,,,,,,,,,,
,,,,,,,,,,,,,,
,,,,,,,,,,,,,,
,,,,,,,,,,,,,,
,,,,,,,,,,,,,,
,,,,,,,,,,,,,,
,,,,,,,,,,,,,,
,,,,,,,,,,,,,,
,,,,,,,,,,,,,,
Y,629,599,619,599,599,599,599,599,599,599,619,589,599,599
Y,649,599,639,599,599,599,649,599,599,619,649,589,599,629
,,,,,,,,,,,,,,
,,,,,,,,,,,,,,
,,,,,,,,,,,,,,
,,,,,,,,,,,,,,
,,,,,,,,,,,,,,
,,,,,,,,,,,,,,
,,,,,,,,,,,,,,
,,,,,,,,,,,,,,
,,,,,,,,,,,,,,
,,,,,,,,,,,,,,
Y,479,409,449,449,449,449,,,449,,479,429,429,429
,,,,,,,,,,,,,,
Y,599,539,549,529,539,539,,,539,,579,539,539,559
,,,,,,,,,,,,,,
Y,669,649,659,649,659,689,719,699,649,699,669,649,689,659
,,,,,,,,,,,,,,
Y,719,699,719,699,709,739,769,749,699,749,719,699,739,709
,,,,,,,,,,,,,,
Y,819,819,829,819,819,839,839,839,819,829,829,819,859,829
,,,,,,,,,,,,,,
,,,,,,,,,,,,,,
Y,869,869,869,869,869,889,889,889,869,879,869,869,909,879
Y,689,679,689,679,679,719,759,719,679,719,699,679,719,689
,,,,,,,,,,,,,,
Y,839,829,829,829,829,849,869,849,829,859,849,829,869,839
,,,,,,,,,,,,,,
,,,,,,,,,,,,,,
Y,379,379,399,399,399,379,379,379,379,379,379,379,379,379
,,,,,,,,,,,,,,
,,,,,,,,,,,,,,
,,,,,,,,,,,,,,
Y,479,469,459,469,,,499,,,499,479,,499,499
Y,419,406,,399,,,429,,,399,419,,429,409
,,,,,,,,,,,,,,
,,,,,,,,,,,,,,
,,,,,,,,,,,,,,
,,,,,,,,,,,,,,
,,,,,,,,,,,,,,
,,,,,,,,,,,,,,
Y,429,399,429,399,399,399,389,389,419,389,399,379,399,399
Y,479,459,469,459,459,469,449,459,469,469,479,459,459,469
,,,,,,,,,,,,,,
,,,,,,,,,,,,,,
Y,559/569,559,569,549,559,559,559,569,559,559,539/549,519/539,569,559
,,,,,,,,,,,,,,
Y,99,99,99,99,99,99,99,99,99,99,99,99,99,99
Y,99,99,99,99,99,99,99,99,99,99,99,99,99,99
Y,629,619,629,599,599,599,599,599,599,599,619,619,599,599
,,,,,,,,,,,,,,
Y,649,649,649,649,649,649,649,649,649,649,649,649,649,649
,,,,,,,,,,,,,,
Y,649,649,649,629,629,629,629,629,629,629,639,649,629,629
,,,,,,,,,,,,,,
,,,,,,,,,,,,,,
,,,,,,,,,,,,,,
,,,,,,,,,,,,,,
,,,,,,,,,,,,,,
,,,,,,,,,,,,,,
,,,,,,,,,,,,,,
,,,,,,,,,,,,,,
,,,,,,,,,,,,,,
,,,,,,,,,,,,,,
,,,,,,,,,,,,,,
Y,729,699,699,729,719,799,,,729,,719,729,799,799
Y,729,699,699,729,719,799,,,729,,719,729,799,799
,,,,,,,,,,,,,,
,,,,,,,,,,,,,,
Y,,799,,799,799,,,,799,,,799,799,799
,,,,,,,,,,,,,,
Y,789,759,779,769,789,799,,,769,,769,769,799,799
Y,789,759,779,769,789,799,,,769,,769,769,799,799
Y,,799,,799,799,,,,799,,,799,799,799
,,,,,,,,,,,,,,
,,,,,,,,,,,,,,
,,,,,,,,,,,,,,
,,,,,,,,,,,,,,
,,,,,,,,,,,,,,
,,,,,,,,,,,,,,
,,,,,,,,,,,,,,
,,,,,,,,,,,,,,
,,,,,,,,,,,,,,
,,,,,,,,,,,,,,
,,,,,,,,,,,,,,
,,,,,,,,,,,,,,
,,,,,,,,,,,,,,
,,,,,,,,,,,,,,
,,,,,,,,,,,,,,
,,,,,,,,,,,,,,
,,,,,,,,,,,,,,
,,,,,,,,,,,,,,
,,,,,,,,,,,,,,
,,,,,,,,,,,,,,
,,,,,,,,,,,,,,
,,,,,,,,,,,,,,
,,,,,,,,,,,,,,
,,,,,,,,,,,,,,
,,,,,,,,,,,,,,
,,,,,,,,,,,,,,
,,,,,,,,,,,,,,
,,,,,,,,,,,,,,
,,,,,,,,,,,,,,
,,,,,,,,,,,,,,
,,,,,,,,,,,,,,
,,,,,,,,,,,,,,
,,,,,,,,,,,,,,
,,,,,,,,,,,,,,
,,,,,,,,,,,,,,
,,,,,,,,,,,,,,
,,,,,,,,,,,,,,
,,,,,,,,,,,,,,
,,,,,,,,,,,,,,
,,,,,,,,,,,,,,
Y,30,30,40,30,30,30,30,30,30,30,50,30,30,30
,,,,,,,,,,,,,,
,,,,,,,,,,,,,,
,,,,,,,,,,,,,,
,,,,,,,,,,,,,,
,,,,,,,,,,,,,,
Y,239,259,259,259,239,279,,,239,,239,269,279,299
,,,,,,,,,,,,,,
Y,349,339,349,379,349,349,369,379,339,379,339,349,379,349
Y,279,259,269,249,279,259,249,289,279,289,289,279,259,279
Y,299,269,279,269,289,279,259,299,289,299,299,289,289,289
Y,299,269,279,269,289,279,,,289,299,299,289,289,289
Y,289,259,259,259,259,259,249,279,259,279,259,269,259,269
Y,299,269,279,269,289,279,,,289,299,299,289,289,289
,,,,,,,,,,,,,,
Y,125,125,125,125,125,125,125,125,125,125,125,125,125,125
Y,,300,,,,,,,,300,,,,300
Y,,350,,,,,,,,350,,,,350
Y,,350,,,,,,,,350,,,,350
Y,,350,,,,,,,,350,,,,350
Y,350,350,,,,,,,,350,350,,,350
Y,,350,,,,,,,,350,,,,350
,,,,,,,,,,,,,,
Y,125,125,125,125,125,125,125,125,125,,125,125,125,125
,,,,,,,,,,,,,,
,,,,,,,,,,,,,,
,,,,,,,,,,,,,,
Y,349,339,339,339,339,379,,,339,,349,369,369,339
,,,,,,,,,,,,,,
Y,349,339,349,379,349,349,,,339,,339,349,379,349
Y,419,419,399,399,379,389,,,399,,419,359,359,389
Y,279,239,279,259,259,259,259,259,259,229,279,259,259,249
Y,279,239,279,259,259,259,259,259,259,229,279,259,259,249
,,,,,,,,,,,,,,
Y,279,239,279,259,259,259,259,259,259,229,279,259,259,249
,,,,,,,,,,,,,,
,,,,,,,,,,,,,,
Y,279,239,279,259,259,259,259,259,259,229,279,259,259,249
Y,279,239,279,259,259,259,259,259,259,229,279,259,259,249
Y,249,239,229,219,239,239,239,239,219,239,219,229,239,219
Y,249,239,229,219,239,239,239,239,219,239,219,229,239,219
Y,389,399,399,379,399,399,,369,379,359,389,359,399,399
Y,389,399,399,379,399,399,,369,379,359,389,359,399,399
Y,389,399,399,379,399,399,,369,379,359,389,359,399,399
Y,349,339,339,339,339,379,,,339,,349,359,369,339
,,,,,,,,,,,,,,
Y,399,369,379,379,379,399,,,379,,379,379,389,379
,,,,,,,,,,,,,,
,,,,,,,,,,,,,,
,,,,,,,,,,,,,,
,,,,,,,,,,,,,,
Y,399,369,379,379,379,399,,,379,,379,379,389,379
,,,,,,,,,,,,,,
,,,,,,,,,,,,,,
Y,399,369,379,379,379,399,,,379,,379,379,389,379
,,,,,,,,,,,,,,
,,,,,,,,,,,,,,
,,,,,,,,,,,,,,
,,,,,,,,,,,,,,
,,,,,,,,,,,,,,
Y,179,179,179,179,179,173,173,173,179,173,189,179,173,173
Y,399,379,379,379,379,379,,,379,,389,399,389,349
,,,,,,,,,,,,,,
Y,279,239,279,259,259,259,259,259,259,229,279,259,259,249
Y,419,379,399,379,379,389,359,359,389,359,399,389,379,389
Y,419,359,399,359,359,369,359,359,389,359,399,389,379,369
Y,419,379,399,379,379,389,359,359,389,359,399,389,379,389
Y,,269,269,269,269,,,,,269,,,,269
Y,,269,269,269,269,,,,,,,,,269
Y,279,239,279,259,259,259,259,259,259,229,279,259,259,249
Y,,299,,319,,,,,,,,319,319,309
,,,,,,,,,,,,,,
,,,,,,,,,,,,,,
,,,,,,,,,,,,,,
,,,,,,,,,,,,,,
Y,179,179,179,179,179,173,173,173,179,173,189,179,173,173
Y,119,119,119,119,119,119,110,110,119,110,129,119,119,119
Y,279,239,279,259,259,259,259,259,259,229,279,259,259,249
Y,119,119,119,119,119,119,110,110,119,110,129,119,119,119
,,,,,,,,,,,,,,
Y,179,179,179,179,179,173,173,173,179,173,189,179,173,173
Y,119,119,119,119,119,119,110,110,119,110,129,119,119,119
,,,,,,,,,,,,,,
Y,179,179,179,179,179,173,173,173,179,173,189,179,173,173
,,,,,,,,,,,,,,
Y,119,119,119,119,119,119,110,110,119,110,129,119,119,119
,,,,,,,,,,,,,,
,,,,,,,,,,,,,,
,,,,,,,,,,,,,,
Y,149,149,149,149,149,149,149,149,149,149,149,149,149,149
,,,,,,,,,,,,,,
,,,,,,,,,,,,,,
Y,239,239,239,239,239,239,239,239,239,239,239,239,239,239
,,,,,,,,,,,,,,
Y,239,239,239,239,239,239,239,239,239,239,239,239,239,239
Y,239,239,239,239,,239,239,239,239,,239,239,239,239
,,,,,,,,,,,,,,
Y,239,239,239,239,239,239,239,,239,,239,239,239,239
Y,239,239,239,239,239,239,239,239,239,239,239,239,239,239
,,,,,,,,,,,,,,
,,,,,,,,,,,,,,
,,,,,,,,,,,,,,
,,,,,,,,,,,,,,
,,,,,,,,,,,,,,
,,,,,,,,,,,,,,
,,,,,,,,,,,,,,
,,,,,,,,,,,,,,
,,,,,,,,,,,,,,
,,,,,,,,,,,,,,
,,,,,,,,,,,,,,
Y,469,459,469,449,439,459,439,449,459,419,449,439,449,459
,,,,,,,,,,,,,,
,,,,,,,,,,,,,,
,,,,,,,,,,,,,,
,,,,,,,,,,,,,,
,,,,,,,,,,,,,,
,,,,,,,,,,,,,,
,,,,,,,,,,,,,,
,,,,,,,,,,,,,,
Y,499,509,499,499,489,489,,,499,,499,499,519,509
Y,130,130,130,130,130,130,130,129,130,130,150,130,130,130
,,,,,,,,,,,,,,
,,,,,,,,,,,,,,
,,,,,,,,,,,,,,
,,,,,,,,,,,,,,
,,,,,,,,,,,,,,
,,,,,,,,,,,,,,
,,,,,,,,,,,,,,
,,,,,,,,,,,,,,
,,,,,,,,,,,,,,
,,,,,,,,,,,,,,
,,,,,,,,,,,,,,
,,,,,,,,,,,,,,
,,,,,,,,,,,,,,
,,,,,,,,,,,,,,
,,,,,,,,,,,,,,
,,,,,,,,,,,,,,
Y,50,30,40,30,30,30,30,30,30,30,50,30,30,30
,,,,,,,,,,,,,,
Y,379,344,344,344,344,349,,,344,,349,349,349,344
,,,,,,,,,,,,,,
,,,,,,,,,,,,,,
,,,,,,,,,,,,,,
,,,,,,,,,,,,,,
Y,379,344,344,344,344,349,,,344,,349,349,349,344
,,,,,,,,,,,,,,
,,,,,,,,,,,,,,
,,,,,,,,,,,,,,
,,,,,,,,,,,,,,
,,,,,,,,,,,,,,
,,,,,,,,,,,,,,
,,,,,,,,,,,,,,
,,,,,,,,,,,,,,
,,,,,,,,,,,,,,
,,,,,,,,,,,,,,
,,,,,,,,,,,,,,
,,,,,,,,,,,,,,
,,,,,,,,,,,,,,
,,,,,,,,,,,,,,
,,,,,,,,,,,,,,
,,,,,,,,,,,,,,
,,,,,,,,,,,,,,
,,,,,,,,,,,,,,
,,,,,,,,,,,,,,
,,,,,,,,,,,,,,
,,,,,,,,,,,,,,
,,,,,,,,,,,,,,
,,,,,,,,,,,,,,
,,,,,,,,,,,,,,
,,,,,,,,,,,,,,
,,,,,,,,,,,,,,
,,,,,,,,,,,,,,
,,,,,,,,,,,,,,
,,,,,,,,,,,,,,
,,,,,,,,,,,,,,
,,,,,,,,,,,,,,
,,,,,,,,,,,,,,
,,,,,,,,,,,,,,
,,,,,,,,,,,,,,
,,,,,,,,,,,,,,
,,,,,,,,,,,,,,
,,,,,,,,,,,,,,
,,,,,,,,,,,,,,
,,,,,,,,,,,,,,
,,,,,,,,,,,,,,
,,,,,,,,,,,,,,
,,,,,,,,,,,,,,
Y,139,139,139,139,139,139,,,139,,139,139,139,139
,,,,,,,,,,,,,,
,,,,,,,,,,,,,,
,,,,,,,,,,,,,,
,,,,,,,,,,,,,,
,,,,,,,,,,,,,,
,,,,,,,,,,,,,,
Y,259,249,249,239,239,249,249,249,249,269,259,249,249,269
,,,,,,,,,,,,,,
Y,150/229,100/210,100/210,100/210,100/210,100/210,100/210,100/210,100/210,100/210,129/250,100/210,100/210,100/210
,,,,,,,,,,,,,,
Y,99,99,99,99,99,89,99,99,99,99,150,99,89,89
,,,,,,,,,,,,,,
Y,250,250,250,250,250,250,250,250,250,250,250,250,250,250
,,,,,,,,,,,,,,
,,,,,,,,,,,,,,
,,,,,,,,,,,,,,
Y,219,219,239,239,219,249,,,219,,219,229,229,269
,,,,,,,,,,,,,,
Y,289,279,289,299,289,289,319,319,279,319,299,289,299,289
Y,219,159,146,159,146,199,189,219,159,159,229,159,199,159
Y,249,219,209,219,219,229,219,239,219,249,249,219,249,259
Y,249,219,209,219,219,229,,,219,249,249,219,249,259
Y,239,159,146,159,146,199,189,219,159,159,239,159,199,159
Y,249,219,209,219,219,229,,,219,249,249,219,249,259
,,,,,,,,,,,,,,
Y,100,100,100,100,100,100,100,100,100,100,100,100,100,100
,,,,,,,,,,,,,,
Y,,250,,,,,,,,250,,,,250
Y,,300,,,,,,,,300,,,,300
Y,,300,,,,,,,,300,,,,300
Y,,300,,,,,,,,300,,,,300
Y,300,,,,,,,,,300,300,,,300
Y,,300,,,,,,,,300,,,,300
,,,,,,,,,,,,,,
Y,100,100,100,100,100,100,100,100,100,,100,100,100,100
,,,,,,,,,,,,,,
,,,,,,,,,,,,,,
,,,,,,,,,,,,,,
Y,299,269,269,269,269,339,,,269,,279,299,299,299
,,,,,,,,,,,,,,
Y,289,279,289,299,289,289,,,279,,299,289,299,289
,,,,,,,,,,,,,,
Y,349,339,319,299,289,339,,,299,,349,299,339,339
Y,219,179,219,199,199,189,189,189,199,179,219,189,189,199
Y,219,179,219,199,199,189,189,189,199,179,219,189,189,199
,,,,,,,,,,,,,,
Y,219,179,219,199,199,189,189,189,199,179,219,189,189,199
,,,,,,,,,,,,,,
,,,,,,,,,,,,,,
Y,219,179,219,199,199,189,189,189,199,179,219,189,189,199
Y,219,179,219,199,199,189,189,189,199,179,219,189,189,199
,,,,,,,,,,,,,,
,,,,,,,,,,,,,,
Y,219,169,169,169,169,169,169,169,169,169,199,169,169,169
Y,219,169,169,169,169,169,169,169,169,169,199,169,169,169
Y,359,339,339,319,319,369,,319,299,339,349,319,369,349
Y,359,339,339,319,319,369,,319,299,339,349,319,369,349
Y,359,339,339,319,319,369,,319,299,339,349,319,369,349
Y,299,269,269,269,269,339,,,269,,279,299,299,299
,,,,,,,,,,,,,,
Y,299,289,289,289,289,369,,,289,,289,319,329,319
,,,,,,,,,,,,,,
Y,299,289,289,289,289,369,,,289,,289,319,329,319
,,,,,,,,,,,,,,
,,,,,,,,,,,,,,
,,,,,,,,,,,,,,
,,,,,,,,,,,,,,
,,,,,,,,,,,,,,
,,,,,,,,,,,,,,
,,,,,,,,,,,,,,
Y,299,289,289,289,289,369,,,289,,289,319,329,319
,,,,,,,,,,,,,,
,,,,,,,,,,,,,,
,,,,,,,,,,,,,,
,,,,,,,,,,,,,,
,,,,,,,,,,,,,,
,,,,,,,,,,,,,,
,,,,,,,,,,,,,,
,,,,,,,,,,,,,,
Y,179,149,149,149,149,156,153,153,149,153,149,149,156,156
Y,299,299,299,299,299,299,,,299,,299,319,339,299
,,,,,,,,,,,,,,
,,,,,,,,,,,,,,
,,,,,,,,,,,,,,
,,,,,,,,,,,,,,
,,,,,,,,,,,,,,
,,,,,,,,,,,,,,
,,,,,,,,,,,,,,
,,,,,,,,,,,,,,
,,,,,,,,,,,,,,
Y,219,179,219,199,199,189,189,189,199,179,219,189,189,199
Y,349,299,319,319,319,299,299,299,319,299,299,299,299,299
Y,329,299,319,299,299,299,299,299,299,299,329,299,299,299
Y,349,299,319,319,319,299,299,299,319,299,299,299,299,299
Y,,229,229,229,229,,,,,229,,,,229
Y,,229,,229,229,,,,,,,,,229
Y,219,179,219,199,199,189,189,189,199,179,219,189,189,199
Y,,219,,239,,,,,,,,229,229,239
,,,,,,,,,,,,,,
,,,,,,,,,,,,,,
,,,,,,,,,,,,,,
,,,,,,,,,,,,,,
Y,179,149,149,149,149,156,153,153,149,153,149,149,156,156
Y,119,119,119,119,119,119,110,110,119,110,119,119,119,119
Y,219,169,189,189,189,189,189,189,189,169,199,189,189,189
Y,119,119,119,119,119,119,110,110,119,110,119,119,119,119
,,,,,,,,,,,,,,
Y,179,149,149,149,149,156,153,153,149,153,149,149,156,156
Y,119,119,119,119,119,119,110,110,119,110,119,119,119,119
,,,,,,,,,,,,,,
Y,179,149,149,149,149,156,153,153,149,153,149,149,156,156
,,,,,,,,,,,,,,
Y,119,119,119,119,119,119,110,110,119,110,119,119,119,119
,,,,,,,,,,,,,,
,,,,,,,,,,,,,,
,,,,,,,,,,,,,,
,,,,,,,,,,,,,,
,,,,,,,,,,,,,,
,,,,,,,,,,,,,,
,,,,,,,,,,,,,,
,,,,,,,,,,,,,,
,,,,,,,,,,,,,,
,,,,,,,,,,,,,,
,,,,,,,,,,,,,,
,,,,,,,,,,,,,,
,,,,,,,,,,,,,,
,,,,,,,,,,,,,,
,,,,,,,,,,,,,,
,,,,,,,,,,,,,,
,,,,,,,,,,,,,,
,,,,,,,,,,,,,,
,,,,,,,,,,,,,,
,,,,,,,,,,,,,,
,,,,,,,,,,,,,,
,,,,,,,,,,,,,,
Y,150,100,150,100,100,100,100,100,100,100,200,100,100,100
,,,,,,,,,,,,,,
Y,300,200,300,200,200,200,200,200,200,200,300,200,200,200
,,,,,,,,,,,,,,
Y,300,220,300,220,220,200,,,220,,300,220,200,200
Y,0,0,0,0,0,0,0,0,0,0,0,0,0,0
,,,,,,,,,,,,,,
,,,,,,,,,,,,,,
,,,,,,,,,,,,,,
Y,150,100,150,100,100,100,,,100,,150,100,100,100
,,,,,,,,,,,,,,
,,,,,,,,,,,,,,
Y,200/250,130/150,130/150,130/150,130/150,130,130/200,130/239,130/150,130/200,200/300,130/150,130,130
,,,,,,,,,,,,,,
,,,,,,,,,,,,,,
,,,,,,,,,,,,,,
,,,,,,,,,,,,,,
,,,,,,,,,,,,,,
,,,,,,,,,,,,,,
,,,,,,,,,,,,,,
,,,,,,,,,,,,,,
,,,,,,,,,,,,,,
,,,,,,,,,,,,,,
,,,,,,,,,,,,,,
Y,479,299,299,299,299,319,,,299,,479,299,299,299
Y,459,429,469,449,449,419,419,419,459,339,459,419,419,369
,,,,,,,,,,,,,,
Y,529,499,529,499,499,450,,,499,,529,450,450,419
,,,,,,,,,,,,,,
,,,,,,,,,,,,,,
Y,549,499,519,599,599,519,499,519,519,499,549,499,499,499
,,,,,,,,,,,,,,
,,,,,,,,,,,,,,
,,,,,,,,,,,,,,
,,,,,,,,,,,,,,
,,,,,,,,,,,,,,
,,,,,,,,,,,,,,
,,,,,,,,,,,,,,
,,,,,,,,,,,,,,
,,,,,,,,,,,,,,
,,,,,,,,,,,,,,
,,,,,,,,,,,,,,
,,,,,,,,,,,,,,
,,,,,,,,,,,,,,
,,,,,,,,,,,,,,
,,,,,,,,,,,,,,
,,,,,,,,,,,,,,
,,,,,,,,,,,,,,
,,,,,,,,,,,,,,
,,,,,,,,,,,,,,
,,,,,,,,,,,,,,
,,,,,,,,,,,,,,
Y,769,759,779,769,749,799,789,799,759,759,789,759,799,799
Y,829,799,799,799,809,879,819,819,799,799,819,799,879,859
Y,699,689,699,699,659,729,729,729,689,679,699,669,729,719
,,,,,,,,,,,,,,
,,,,,,,,,,,,,,
,,,,,,,,,,,,,,
,,,,,,,,,,,,,,
,,,,,,,,,,,,,,
,,,,,,,,,,,,,,
,,,,,,,,,,,,,,
,,,,,,,,,,,,,,
,,,,,,,,,,,,,,
,,,,,,,,,,,,,,
,,,,,,,,,,,,,,
,,,,,,,,,,,,,,
,,,,,,,,,,,,,,
,,,,,,,,,,,,,,
,,,,,,,,,,,,,,
,,,,,,,,,,,,,,
,,,,,,,,,,,,,,
,,,,,,,,,,,,,,
,,,,,,,,,,,,,,
,,,,,,,,,,,,,,
,,,,,,,,,,,,,,
,,,,,,,,,,,,,,
,,,,,,,,,,,,,,
,,,,,,,,,,,,,,
,,,,,,,,,,,,,,
,,,,,,,,,,,,,,
,,,,,,,,,,,,,,
,,,,,,,,,,,,,,
,,,,,,,,,,,,,,
,,,,,,,,,,,,,,
,,,,,,,,,,,,,,
,,,,,,,,,,,,,,
,,,,,,,,,,,,,,
,,,,,,,,,,,,,,
,,,,,,,,,,,,,,
,,,,,,,,,,,,,,
,,,,,,,,,,,,,,
,,,,,,,,,,,,,,
,,,,,,,,,,,,,,
,,,,,,,,,,,,,,
,,,,,,,,,,,,,,
,,,,,,,,,,,,,,
,,,,,,,,,,,,,,
,,,,,,,,,,,,,,
,,,,,,,,,,,,,,
,,,,,,,,,,,,,,
Y,30,0,30,30,0,30,30,30,30,0,30,30,30,0
Y,0,0,0,0,0,0,0,0,0,0,0,0,0,0
Y,0,0,0,0,0,0,0,0,0,0,0,0,0,0
,,,,,,,,,,,,,,
Y,0,0,0,0,0,0,0,0,0,0,0,0,0,0
,,,,,,,,,,,,,,
,,,,,,,,,,,,,,
,,,,,,,,,,,,,,
,,,,,,,,,,,,,,
,,,,,,,,,,,,,,
,,,,,,,,,,,,,,
,,,,,,,,,,,,,,
,,,,,,,,,,,,,,
,,,,,,,,,,,,,,
,,,,,,,,,,,,,,
,,,,,,,,,,,,,,
,,,,,,,,,,,,,,
,,,,,,,,,,,,,,
,,,,,,,,,,,,,,
,,,,,,,,,,,,,,
,,,,,,,,,,,,,,
,,,,,,,,,,,,,,
,,,,,,,,,,,,,,
,,,,,,,,,,,,,,
,,,,,,,,,,,,,,
,,,,,,,,,,,,,,
,,,,,,,,,,,,,,
,,,,,,,,,,,,,,
,,,,,,,,,,,,,,
,,,,,,,,,,,,,,
,,,,,,,,,,,,,,
,,,,,,,,,,,,,,
,,,,,,,,,,,,,,
,,,,,,,,,,,,,,
,,,,,,,,,,,,,,
Y,25,0,0,0,0,0,,,0,0,25,0,0,0
,,,,,,,,,,,,,,
,,,,,,,,,,,,,,
,,,,,,,,,,,,,,
,,,,,,,,,,,,,,
,,,,,,,,,,,,,,
,,,,,,,,,,,,,,
Y,649,649,649,649,649,689,,,649,,649,649,689,659
,,,,,,,,,,,,,,
Y,819,819,819,819,819,839,,,819,,819,819,859,829
,,,,,,,,,,,,,,
Y,679,679,679,679,679,719,,,679,,679,679,719,689
Y,829,829,829,829,829,849,,,829,,829,829,869,839
,,,,,,,,,,,,,,
,,,,,,,,,,,,,,
Y,369,369,369,369,369,369,369,369,369,369,369,369,369,369
,,,,,,,,,,,,,,
,,,,,,,,,,,,,,
,,,,,,,,,,,,,,
,,,,,,,,,,,,,,
,,,,,,,,,,,,,,
,,,,,,,,,,,,,,
,,,,,,,,,,,,,,
,,,,,,,,,,,,,,
,,,,,,,,,,,,,,
,,,,,,,,,,,,,,
,,,,,,,,,,,,,,
,,,,,,,,,,,,,,
,,,,,,,,,,,,,,
,,,,,,,,,,,,,,
,,,,,,,,,,,,,,
,,,,,,,,,,,,,,
,,,,,,,,,,,,,,
,,,,,,,,,,,,,,
,,,,,,,,,,,,,,
,,,,,,,,,,,,,,
,,,,,,,,,,,,,,
,,,,,,,,,,,,,,
,,,,,,,,,,,,,,
,,,,,,,,,,,,,,
,,,,,,,,,,,,,,
,,,,,,,,,,,,,,
,,,,,,,,,,,,,,
,,,,,,,,,,,,,,
,,,,,,,,,,,,,,
,,,,,,,,,,,,,,
,,,,,,,,,,,,,,
,,,,,,,,,,,,,,
,,,,,,,,,,,,,,
,,,,,,,,,,,,,,
,,,,,,,,,,,,,,
,,,,,,,,,,,,,,
Y,40,40,40,40,40,30,10,30,40,10,50,40,30,20
Y,,50,,,,,,,,50,,,50,50
,,,,,,,,,,,,,,
Y,50,50,50,50,50,50,50,50,50,,50,50,50,50
,,,,,,,,,,,,,,
,,,,,,,,,,,,,,
,,,,,,,,,,,,,,
,,,,,,,,,,,,,,
,,,,,,,,,,,,,,
,,,,,,,,,,,,,,
Y,30,30,30,40,30,,,,30,,40,30,,
,,,,,,,,,,,,,,
,,,,,,,,,,,,,,
,,,,,,,,,,,,,,
,,,,,,,,,,,,,,
,,,,,,,,,,,,,,
,,,,,,,,,,,,,,
,,,,,,,,,,,,,,
,,,,,,,,,,,,,,
,,,,,,,,,,,,,,
,,,,,,,,,,,,,,
,,,,,,,,,,,,,,
Y,40,40,40,40,40,30,30,30,40,50,50,40,30,50
,,,,,,,,,,,,,,
Y,,30,,,,,,,,,,,,
,,,,,,,,,,,,,,
,,,,,,,,,,,,,,
,,,,,,,,,,,,,,
,,,,,,,,,,,,,,
,,,,,,,,,,,,,,
,,,,,,,,,,,,,,
,,,,,,,,,,,,,,
Y,30/50,30/40,30/40,30/40,30/40,20/50,20/50,30/50,30/40,30/50,50,30,30/50,20/50
,,,,,,,,,,,,,,
,,,,,,,,,,,,,,
,,,,,,,,,,,,,,
,,,,,,,,,,,,,,
,,,,,,,,,,,,,,
Y,40,40,40,45,40,50,50,50,40,49,50,40,50,50
,,,,,,,,,,,,,,
,,,,,,,,,,,,,,
,,,,,,,,,,,,,,
Y,20,,,,,,,,,,,,,
,,,,,,,,,,,,,,
Y,50,50,50,50,50,50,50,50,50,50,50,50,50,50
,,,,,,,,,,,,,,
Y,89,60,89,89,89,99,79,99,89,79,99,89,99,99
,,,,,,,,,,,,,,
,,,,,,,,,,,,,,
Y,40,30,50,30,30,30,20,,30,10,50,30,30,10
,,,,,,,,,,,,,,
,,,,,,,,,,,,,,
Y,399,359,399,419,419,399,,,399,,359,379,379,379
Y,439,399,439,459,459,459,,,439,,439,419,439,439
Y,349,299,299,299,299,279,279,279,299,299,349,279,279,299
Y,469,469,459,449,459,459,459,469,459,459,459,459,469,459
,,,,,,,,,,,,,,
,,,,,,,,,,,,,,
Y,529,519,529,499,499,509,,,499,,529,499,519,479
,,,,,,,,,,,,,,
,,,,,,,,,,,,,,
,,,,,,,,,,,,,,
Y,199,169,199,179,179,189,,,169,,199,179,179,179
,,,,,,,,,,,,,,
,,,,,,,,,,,,,,
Y,50,,,50,,30,,,30,,50,35,30,30
,,,,,,,,,,,,,,
,,,,,,,,,,,,,,
,,,,,,,,,,,,,,
,,,,,,,,,,,,,,
,,,,,,,,,,,,,,
Y,30,30,30,30,30,30,30,40,30,40,50,30,30,40
Y,40,40,40,40,40,40,40,30/35/40,40,40,50,40,40,40
Y,30/40,30/40,30/40,30/40,30/40,30/40,,,30/40,40,50,30/40,30/40,40
Y,30,30,30,30,30,40,,,30,,50,30,40,40
,,,,,,,,,,,,,,
,,,,,,,,,,,,,,
Y,,30,,30,30,,,,,,,,,40
Y,30/40,30/40,30/40,30/40,30/40,30/40,,,30/40,40,30/40/50,30/40,30/40,40
Y,30,30,40,30,30,30,,,30,,50,30,30,30
,,,,,,,,,,,,,,
,,,,,,,,,,,,,,
,,,,,,,,,,,,,,
,,,,,,,,,,,,,,
,,,,,,,,,,,,,,
,,,,,,,,,,,,,,
,,,,,,,,,,,,,,
,,,,,,,,,,,,,,
,,,,,,,,,,,,,,
,,,,,,,,,,,,,,
,,,,,,,,,,,,,,
,,,,,,,,,,,,,,
,,,,,,,,,,,,,,
,,,,,,,,,,,,,,
,,,,,,,,,,,,,,
,,,,,,,,,,,,,,
,,,,,,,,,,,,,,
,,,,,,,,,,,,,,
,,,,,,,,,,,,,,
,,,,,,,,,,,,,,
,,,,,,,,,,,,,,
,,,,,,,,,,,,,,
,,,,,,,,,,,,,,
,,,,,,,,,,,,,,
,,,,,,,,,,,,,,
,,,,,,,,,,,,,,
,,,,,,,,,,,,,,
,,,,,,,,,,,,,,
,,,,,,,,,,,,,,
,,,,,,,,,,,,,,
,,,,,,,,,,,,,,
,,,,,,,,,,,,,,
,,,,,,,,,,,,,,
,,,,,,,,,,,,,,
,,,,,,,,,,,,,,
,,,,,,,,,,,,,,
,,,,,,,,,,,,,,
,,,,,,,,,,,,,,
,,,,,,,,,,,,,,
,,,,,,,,,,,,,,
,,,,,,,,,,,,,,
,,,,,,,,,,,,,,
,,,,,,,,,,,,,,
,,,,,,,,,,,,,,
,,,,,,,,,,,,,,
,,,,,,,,,,,,,,
,,,,,,,,,,,,,,
,,,,,,,,,,,,,,
,,,,,,,,,,,,,,
,,,,,,,,,,,,,,
,,,,,,,,,,,,,,
,,,,,,,,,,,,,,
,,,,,,,,,,,,,,
,,,,,,,,,,,,,,
,,,,,,,,,,,,,,
,,,,,,,,,,,,,,
,,,,,,,,,,,,,,
,,,,,,,,,,,,,,
,,,,,,,,,,,,,,
,,,,,,,,,,,,,,
,,,,,,,,,,,,,,
,,,,,,,,,,,,,,
,,,,,,,,,,,,,,
,,,,,,,,,,,,,,
,,,,,,,,,,,,,,
,,,,,,,,,,,,,,
,,,,,,,,,,,,,,
,,,,,,,,,,,,,,
,,,,,,,,,,,,,,
,,,,,,,,,,,,,,
,,,,,,,,,,,,,,
,,,,,,,,,,,,,,
,,,,,,,,,,,,,,
,,,,,,,,,,,,,,
,,,,,,,,,,,,,,
,,,,,,,,,,,,,,
,,,,,,,,,,,,,,
,,,,,,,,,,,,,,
,,,,,,,,,,,,,,
,,,,,,,,,,,,,,
,,,,,,,,,,,,,,
,,,,,,,,,,,,,,
,,,,,,,,,,,,,,
,,,,,,,,,,,,,,
,,,,,,,,,,,,,,
,,,,,,,,,,,,,,
,,,,,,,,,,,,,,
,,,,,,,,,,,,,,
,,,,,,,,,,,,,,
,,,,,,,,,,,,,,
,,,,,,,,,,,,,,
,,,,,,,,,,,,,,
,,,,,,,,,,,,,,
,,,,,,,,,,,,,,
,,,,,,,,,,,,,,
,,,,,,,,,,,,,,
,,,,,,,,,,,,,,
Y,50,50,50,50,50,85,50,50,50,30,50,50,75,50
,,,,,,,,,,,,,,
,,,,,,,,,,,,,,
,,,,,,,,,,,,,,
,,,,,,,,,,,,,,
,,,,,,,,,,,,,,
,,,,,,,,,,,,,,
,,,,,,,,,,,,,,
,,,,,,,,,,,,,,
,,,,,,,,,,,,,,
,,,,,,,,,,,,,,
,,,,,,,,,,,,,,
,,,,,,,,,,,,,,
,,,,,,,,,,,,,,
,,,,,,,,,,,,,,
,,,,,,,,,,,,,,
,,,,,,,,,,,,,,
,,,,,,,,,,,,,,
,,,,,,,,,,,,,,
Y,1419,1369,1389,1349,1379,1369,1409,1389,1349,1409,1419,1389,1389,1399
,,,,,,,,,,,,,,
,,,,,,,,,,,,,,
,,,,,,,,,,,,,,
,,,,,,,,,,,,,,
,,,,,,,,,,,,,,
,,,,,,,,,,,,,,
Y,99,99,99,99,99,169,169,169,99,166,99,99,169,166
,,,,,,,,,,,,,,
,,,,,,,,,,,,,,
Y,175,175,175,175,175,175,175,175,175,175,175,175,175,175
,,,,,,,,,,,,,,
Y,175,175,175,175,175,175,175,175,175,,175,175,175,175
,,,,,,,,,,,,,,
,,,,,,,,,,,,,,
,,,,,,,,,,,,,,
Y,239,239,239,239,239,208,209,209,239,223,249,239,209,223
,,,,,,,,,,,,,,
,,,,,,,,,,,,,,
,,,,,,,,,,,,,,
,,,,,,,,,,,,,,
Y,239,239,239,239,239,208,209,209,239,223,249,239,209,223
Y,119,119,119,119,119,129,140,130,119,140,119,119,119,139
Y,119,119,119,119,119,129,140,130,119,140,119,119,119,139
Y,239,239,239,239,239,208,209,209,239,223,249,239,209,223
,,,,,,,,,,,,,,
Y,119,119,119,119,119,129,130,130,119,130,119,119,119,129
,,,,,,,,,,,,,,
,,,,,,,,,,,,,,
Y,239,239,239,239,239,208,209,209,239,223,249,239,209,223
,,,,,,,,,,,,,,
Y,119,119,119,119,119,129,140,130,119,140,119,119,119,139
,,,,,,,,,,,,,,
Y,1349,1319,1299,1299,1299,1279,1279,1279,1299,1319,1399,1309,1329,1319
Y,819,799,779,799,779,829,,,779,779,799,809,819,839
Y,,939,939,939,939,949,949,949,949,939,,949,949,939
Y,999,999,999,999,999,999,999,999,999,999,999,999,999,999
,,,,,,,,,,,,,,
Y,1129,1099,1079,1059,1059,1049,1039,1059,1069,1019,1129,1049,1059,1069
,,,,,,,,,,,,,,
Y,674,659,669,659,679,749,,,649,,679,679,729,729
Y,749,719,719,709,709,719/729,689,689,719/729,719,749,689/699,719,719
Y,789,779,779,749,749,769,,,769,,789,749,749,779
,,,,,,,,,,,,,,
,,,,,,,,,,,,,,
,,,,,,,,,,,,,,
,,,,,,,,,,,,,,
Y,759,719,759,739,759,829,,,709,,729,749,799,829
Y,759,719,759,739,759,829,,,709,,729,749,799,829
,,,,,,,,,,,,,,
Y,999,789,799,769,789,899,,,759,,999,799,839,839
,,,,,,,,,,,,,,
,,,,,,,,,,,,,,
Y,759,719,759,739,759,829,,,709,,729,749,799,829
Y,999,789,799,769,789,899,,,759,,999,799,839,839
Y,759,719,759,739,759,829,,,709,,729,749,799,829
Y,759,719,759,739,759,829,,,709,,729,749,799,829
Y,759,719,759,739,759,829,,,709,,729,749,799,829
Y,999,789,799,769,789,899,,,759,,999,799,839,839
,,,,,,,,,,,,,,
,,,,,,,,,,,,,,
,,,,,,,,,,,,,,
Y,1149,1089,1099,1039,1089,1089,1099,1099,1079,1079,1169,1099,1099,1129
Y,1019,969,969,919,969,879,879,869,939,859,1029,919,929,929
Y,699,699,689,689,689,729,749,719,679,729,729,709,729,729
Y,649,679,629,639,609,699/709,689,699,639/649,719,649,649/659,719,719
Y,699,699,689,689,689,719/729,749,719,669/679,729,729,699/709,729,729
Y,699,699,689,689,689,719,,,669,,729,699,729,729
Y,1479,1449,1469,1449,1469,1449,1459,1439,1439,1329,1389,1409,1449,1469
,,,,,,,,,,,,,,
Y,1299,1249,1269,1239,1269,1129,1139,1149,1259,1099,1319,1209,1169,1169
,,,,,,,,,,,,,,
Y,1219,1189,1199,1199,1199,1199,1299,1189,1169,1159,1229,1189,1189,1179
Y,579,579,579,579,579,579,589,589,579,579,579,589,579,599
Y,849,889,839,799,799,869,879,889,839,879,879,829,889,889
,,,,,,,,,,,,,,
Y,1469,1439,1469,1429,1359,1419,1389,1359,1419,1319,1469,1409,1439,1439
,,,,,,,,,,,,,,
Y,1329,1299,1319,1299,1349,1359,1319,1299,1289,1279,1289,1279,1369,1359
Y,1029,999,1029,999,999,999,999,999,999,999,1029,999,999,1019
Y,859,849,849,849,849,739,739,739,979,849,869,839,739,849
,,,,,,,,,,,,,,
Y,849,839,839,829,839,849,849,849,829,839,849,839,849,839
Y,1049,999,1039,999,999,999,999,999,999,999,1049,999,999,1019
Y,1039,1039,1059,999,1039,999,1039,999,1029,1019,1069,1039,999,1069
,,,,,,,,,,,,,,
Y,724,689,689,679,679,769,,,689,,734,699,729,719
Y,849,789,799,779,769,809,,,799,,849,799,819,859
Y,1199,1149,1159,1149,1149,1179,1169,1139,1149,1169,1219,1159,1169,1179
Y,1279,1199,1249,1199,1199,1229,1219,1189,1199,1219,1279,1209,1219,1229
Y,1339,1319,1329,1299,1329,1319,1359,1339,1299,1359,1349,1329,1339,1349
Y,1359,1329,1329,1309,1339,1329,1389,1339,1299,1389,1379,1339,1349,1359
Y,1219,1179,1189,1179,1179,1199,1199,1169,1179,1199,1239,1179,1199,1219
,,,,,,,,,,,,,,
Y,669,649,689,639,629,699/709,679,689,639/649,699,649,639/649,699,649
Y,779,739,729,729,729,759,689,699,739,729,779,719,729,739
Y,849/899,799,799,799,799,799/809,779/789,789,809/819,799/819,829/839,789/799,819,799/819
,,,,,,,,,,,,,,
Y,500,500,500,500,500,510,,,510,,500,510,500,500
Y,500,500,500,500,500,510,,,510,,500,510,500,500
Y,500,500,500,500,500,510,,,510,,500,510,500,500
Y,500,500,500,500,500,510,,,510,500,500,510,500,500
,,,,,,,,,,,,,,
Y,500,500,500,500,500,500,500,500,500,500,500,500,500,500
Y,500,500,500,500,500,500,500,500,500,500,500,500,500,500
Y,500,500,500,500,500,510,,,510,,500,510,500,500
Y,500,500,500,500,500,500/510,500,500,490/500,500,500,500,500,500
Y,500,500,500,500,500,510,510,510,500,500,500,510,510,500
Y,500,500,500,500,500,510,500,510,500,500,500,510,510,500
Y,500,500,500,500,500,510,,,500,,500,510,510,500
Y,500,500,500,500,500,510,,,500,,500,510,510,500
Y,1029,1019,1029,999,999,1019,1019,1019,999,1019,1039,1019,1019,999
Y,1069,1049,1039,1049,1049,1049,1049,1049,1049,1049,1069,1049,1049,1049
,,,,,,,,,,,,,,
Y,1049,1049,1049,1029,1029,1049,1049,1049,1029,1049,1059,1039,1049,1029
,,,,,,,,,,,,,,
,,,,,,,,,,,,,,
,,,,,,,,,,,,,,
,,,,,,,,,,,,,,
,,,,,,,,,,,,,,
Y,1299,1269,1249,1249,1269,1279,,,1219,,1299,1289,1249,1279
Y,1299,1269,1249,1249,1269,1279,,,1219,,1299,1289,1249,1279
,,,,,,,,,,,,,,
,,,,,,,,,,,,,,
Y,,1249,,1249,1249,,,,1229,,,1249,1249,1279
,,,,,,,,,,,,,,
Y,1299,1259,1279,1239,1279,1279,,,1239,,1299,1279,1249,1279
Y,1299,1259,1279,1239,1279,1279,,,1239,,1299,1279,1249,1279
Y,,1249,,1249,1249,,,,1229,,,1249,1249,1279
,,,,,,,,,,,,,,
,,,,,,,,,,,,,,
Y,749,719,719,709,709,719/729,689,689,699/709,719,749,679/689,719,699
Y,779,739,729,729,729,749,689,699,729,729,779,709,729,739
Y,789,779,779,749,749,769,,,749,,789,739,749,759
,,,,,,,,,,,,,,
,,,,,,,,,,,,,,
Y,514,500,500,500,500,510,,,510,,529,510,500,500
,,,,,,,,,,,,,,
,,,,,,,,,,,,,,
Y,610,500,500,500,500,510,500,500,500,500,610,500,500,500
Y,670,580,660,550,550,570,,,570,,670,560,550,580
Y,1339,1329,1329,1309,1329,1339,,,1319,,1369,1329,1369,1379
,,,,,,,,,,,,,,
Y,,,,,,,1379,1339,,1299,,,,
Y,1299,1279,1269,1259,1229,1289,1289,1259,1249,1249,1299,1259,1319,1319
,,,,,,,,,,,,,,
Y,1229,1209,1189,1159,1179,1239,1239,1199,1179,1189,1219,1209,1259,1239
,,,,,,,,,,,,,,
,,,,,,,,,,,,,,
,,,,,,,,,,,,,,
,,,,,,,,,,,,,,
,,,,,,,,,,,,,,
Y,1169,1149,1139,1119,1139,1149,,,1119,,1159,1169,1169,1179
Y,1339,1329,1329,1329,1329,1319,,,1329,,1329,1329,1339,1349
Y,1199,1179,1179,1179,1179,1179,,,1179,,1199,1179,1199,1219
Y,1349,1329,1319,1309,1339,1329,,,1299,,1349,1339,1349,1359
,,,,,,,,,,,,,,
Y,674,659,669,659,679,749,,,649,,679,679,729,729
,,,,,,,,,,,,,,
Y,749,719,719,709,709,719/729,689,689,719/729,719,749,689/699,719,719
Y,789,779,779,749,749,769,,,769,,789,749,749,779
,,,,,,,,,,,,,,
Y,859,839,839,839,839,849,799,799,839,779,869,809,799,779
Y,859,839,839,839,839,859,849,849,839,879,869,809,849,879
Y,859,839,839,839,839,809,759,759,839,759,869,809,759,759
,,,,,,,,,,,,,,
,,,,,,,,,,,,,,
,,,,,,,,,,,,,,
,,,,,,,,,,,,,,
,,,,,,,,,,,,,,
,,,,,,,,,,,,,,
,,,,,,,,,,,,,,
,,,,,,,,,,,,,,
,,,,,,,,,,,,,,
,,,,,,,,,,,,,,
,,,,,,,,,,,,,,
,,,,,,,,,,,,,,
,,,,,,,,,,,,,,
,,,,,,,,,,,,,,
Y,0,0,0,0,0,0,0,0,0,0,0,0,0,0
,,,,,,,,,,,,,,
,,,,,,,,,,,,,,
,,,,,,,,,,,,,,
Y,100,100,100,100,100,100,100,100,100,100,500,100,100,100
,,,,,,,,,,,,,,
,,,,,,,,,,,,,,
,,,,,,,,,,,,,,
,,,,,,,,,,,,,,
Y,599,599,599,599,599,499,499,499,599,499,599,499,499,499
Y,599,599,599,599,599,599,599,599,599,599,599,499,599,599
Y,599,599,599,599,599,479,479,479,599,479,599,499,479,479
,,,,,,,,,,,,,,
Y,389,389,389,389,389,389,389,389,389,389,389,389,389,389
Y,389,389,389,389,389,389,389,389,389,389,389,389,389,389
Y,389,389,389,389,389,389,,,389,,389,389,389,389
Y,389,389,389,389,389,389,,,389,,389,389,389,389
,,,,,,,,,,,,,,
,,,,,,,,,,,,,,
,,,,,,,,,,,,,,
,,,,,,,,,,,,,,
,,,,,,,,,,,,,,
,,,,,,,,,,,,,,
,,,,,,,,,,,,,,
,,,,,,,,,,,,,,
,,,,,,,,,,,,,,
,,,,,,,,,,,,,,
,,,,,,,,,,,,,,
,,,,,,,,,,,,,,
,,,,,,,,,,,,,,
,,,,,,,,,,,,,,
,,,,,,,,,,,,,,
,,,,,,,,,,,,,,
,,,,,,,,,,,,,,
,,,,,,,,,,,,,,
,,,,,,,,,,,,,,
,,,,,,,,,,,,,,
