any,1590,1597,3210,5376,7187,23915,40166,40235,40314,40345,40485,40716,41362
,,,,,,,,,,,,,
,,,,,,,,,,,,,
Y,444,444,444,444,449,,,,,444,444,444,444
Y,404,404,404,404,404,,,,,404,404,404,404
,,,,,,,,,,,,,
,,,,,,,,,,,,,
,,,,,,,,,,,,,
,,,,,,,,,,,,,
,,,,,,,,,,,,,
,,,,,,,,,,,,,
,,,,,,,,,,,,,
,,,,,,,,,,,,,
,,,,,,,,,,,,,
,,,,,,,,,,,,,
,,,,,,,,,,,,,
,,,,,,,,,,,,,
,,,,,,,,,,,,,
Y,521,500,500,500,521,521,500,500,500,500,500,500,500
,,,,,,,,,,,,,
,,,,,,,,,,,,,
,,,,,,,,,,,,,
,,,,,,,,,,,,,
,,,,,,,,,,,,,
,,,,,,,,,,,,,
,,,,,,,,,,,,,
,,,,,,,,,,,,,
Y,149,149,149,149,149,149,,,,140,149,165,169
Y,829,789,799,799,799,819,869,889,889,829,819,889,889
,,,,,,,,,,,,,
Y,1319,1299,1319,1359,1299,1319,1399,1399,1399,1319,1319,1399,1379
Y,1389,1389,1389,1389,1389,1389,1389,1389,1389,1389,1389,1389,1389
,,,,,,,,,,,,,
,,,,,,,,,,,,,
,,,,,,,,,,,,,
,,,,,,,,,,,,,
,,,,,,,,,,,,,
,,,,,,,,,,,,,
Y,219,219,219,219,219,219,219,219,219,219,219,219,219
Y,,219,219,,,,,,,,219,,219
,,,,,,,,,,,,,
Y,539,499,539,539,539,539,398,398,398,539,539,398,398
,,,,,,,,,,,,,
Y,699,789,799,699,699,699,699,699,699,799,799,699,699
,,,,,,,,,,,,,
,,,,,,,,,,,,,
Y,299,299,299,299,299,299,299,299,299,299,299,299,299
,,,,,,,,,,,,,
Y,999,1019,999,999,999,999,999,999,999,1019,999,999,999
,,,,,,,,,,,,,
,,,,,,,,,,,,,
,,,,,,,,,,,,,
,,,,,,,,,,,,,
,,,,,,,,,,,,,
,,,,,,,,,,,,,
,,,,,,,,,,,,,
,,,,,,,,,,,,,
,,,,,,,,,,,,,
,,,,,,,,,,,,,
,,,,,,,,,,,,,
,,,,,,,,,,,,,
,,,,,,,,,,,,,
,,,,,,,,,,,,,
,,,,,,,,,,,,,
,,,,,,,,,,,,,
,,,,,,,,,,,,,
,,,,,,,,,,,,,
Y,939,939,939,939,939,939,979,979,979,929,939,979,979
,,,,,,,,,,,,,
,,,,,,,,,,,,,
,,,,,,,,,,,,,
,,,,,,,,,,,,,
,,,,,,,,,,,,,
,,,,,,,,,,,,,
,,,,,,,,,,,,,
,,,,,,,,,,,,,
,,,,,,,,,,,,,
,,,,,,,,,,,,,
,,,,,,,,,,,,,
,,,,,,,,,,,,,
,,,,,,,,,,,,,
,,,,,,,,,,,,,
,,,,,,,,,,,,,
,,,,,,,,,,,,,
,,,,,,,,,,,,,
,,,,,,,,,,,,,
,,,,,,,,,,,,,
,,,,,,,,,,,,,
,,,,,,,,,,,,,
,,,,,,,,,,,,,
,,,,,,,,,,,,,
,,,,,,,,,,,,,
,,,,,,,,,,,,,
,,,,,,,,,,,,,
,,,,,,,,,,,,,
,,,,,,,,,,,,,
,,,,,,,,,,,,,
,,,,,,,,,,,,,
Y,1299,1319,1299,1319,1299,1299,1339,1339,1339,1299,1299,1359,1359
,,,,,,,,,,,,,
,,,,,,,,,,,,,
,,,,,,,,,,,,,
,,,,,,,,,,,,,
,,,,,,,,,,,,,
,,,,,,,,,,,,,
Y,,,,,,,1819,1819,1819,,,1829,1839
,,,,,,,,,,,,,
,,,,,,,,,,,,,
,,,,,,,,,,,,,
,,,,,,,,,,,,,
,,,,,,,,,,,,,
,,,,,,,,,,,,,
,,,,,,,,,,,,,
,,,,,,,,,,,,,
,,,,,,,,,,,,,
,,,,,,,,,,,,,
,,,,,,,,,,,,,
,,,,,,,,,,,,,
,,,,,,,,,,,,,
,,,,,,,,,,,,,
,,,,,,,,,,,,,
,,,,,,,,,,,,,
,,,,,,,,,,,,,
,,,,,,,,,,,,,
,,,,,,,,,,,,,
,,,,,,,,,,,,,
,,,,,,,,,,,,,
,,,,,,,,,,,,,
,,,,,,,,,,,,,
,,,,,,,,,,,,,
,,,,,,,,,,,,,
,,,,,,,,,,,,,
,,,,,,,,,,,,,
,,,,,,,,,,,,,
,,,,,,,,,,,,,
,,,,,,,,,,,,,
,,,,,,,,,,,,,
,,,,,,,,,,,,,
,,,,,,,,,,,,,
,,,,,,,,,,,,,
,,,,,,,,,,,,,
,,,,,,,,,,,,,
,,,,,,,,,,,,,
,,,,,,,,,,,,,
,,,,,,,,,,,,,
,,,,,,,,,,,,,
,,,,,,,,,,,,,
,,,,,,,,,,,,,
,,,,,,,,,,,,,
,,,,,,,,,,,,,
,,,,,,,,,,,,,
,,,,,,,,,,,,,
,,,,,,,,,,,,,
,,,,,,,,,,,,,
,,,,,,,,,,,,,
,,,,,,,,,,,,,
,,,,,,,,,,,,,
,,,,,,,,,,,,,
,,,,,,,,,,,,,
,,,,,,,,,,,,,
,,,,,,,,,,,,,
,,,,,,,,,,,,,
,,,,,,,,,,,,,
,,,,,,,,,,,,,
,,,,,,,,,,,,,
,,,,,,,,,,,,,
,,,,,,,,,,,,,
,,,,,,,,,,,,,
,,,,,,,,,,,,,
,,,,,,,,,,,,,
Y,,899,,,,,699,699,699,899,919,,
Y,739,739,739,739,739,739,739,739,739,739,739,739,739
Y,549,529,549,529,579,549,649,649,669,549,599,649,639
,,,,,,,,,,,,,
,,,,,,,,,,,,,
,,,,,,,,,,,,,
,,,,,,,,,,,,,
Y,1020,1099,1020,1060,1000,1020,1100,1100,1100,1059,1149,1100,1080
,,,,,,,,,,,,,
,,,,,,,,,,,,,
,,,,,,,,,,,,,
,,,,,,,,,,,,,
,,,,,,,,,,,,,
,,,,,,,,,,,,,
,,,,,,,,,,,,,
,,,,,,,,,,,,,
,,,,,,,,,,,,,
,,,,,,,,,,,,,
,,,,,,,,,,,,,
,,,,,,,,,,,,,
,,,,,,,,,,,,,
,,,,,,,,,,,,,
,,,,,,,,,,,,,
,,,,,,,,,,,,,
,,,,,,,,,,,,,
,,,,,,,,,,,,,
,,,,,,,,,,,,,
,,,,,,,,,,,,,
,,,,,,,,,,,,,
Y,,219,219,,,,,,,,219,,219
,,,,,,,,,,,,,
,,,,,,,,,,,,,
,,,,,,,,,,,,,
,,,,,,,,,,,,,
Y,99,99,99,99,99,99,99,99,99,99,99,99,139
,,,,,,,,,,,,,
,,,,,,,,,,,,,
,,,,,,,,,,,,,
,,,,,,,,,,,,,
,,,,,,,,,,,,,
,,,,,,,,,,,,,
,,,,,,,,,,,,,
,,,,,,,,,,,,,
,,,,,,,,,,,,,
,,,,,,,,,,,,,
,,,,,,,,,,,,,
,,,,,,,,,,,,,
,,,,,,,,,,,,,
,,,,,,,,,,,,,
,,,,,,,,,,,,,
,,,,,,,,,,,,,
,,,,,,,,,,,,,
,,,,,,,,,,,,,
,,,,,,,,,,,,,
,,,,,,,,,,,,,
,,,,,,,,,,,,,
,,,,,,,,,,,,,
,,,,,,,,,,,,,
,,,,,,,,,,,,,
,,,,,,,,,,,,,
,,,,,,,,,,,,,
,,,,,,,,,,,,,
,,,,,,,,,,,,,
Y,439,449,439,439,439,449,439,439,439,449,459,439,439
Y,696,719,699,699,699,699,699,699,699,719,719,689,699
,,,,,,,,,,,,,
,,,,,,,,,,,,,
,,,,,,,,,,,,,
,,,,,,,,,,,,,
,,,,,,,,,,,,,
Y,839,819,819,819,819,839,859,,859,819,839,859,849
Y,1329,1329,1329,1339,1329,1329,1399,,1399,1329,1329,1359,1339
Y,839,819,819,819,819,839,859,859,859,819,839,859,849
Y,1319,1319,1319,1339,1319,1329,1419,1419,1419,1319,1319,1399,1339
,,,,,,,,,,,,,
,,,,,,,,,,,,,
,,,,,,,,,,,,,
,,,,,,,,,,,,,
,,,,,,,,,,,,,
,,,,,,,,,,,,,
,,,,,,,,,,,,,
,,,,,,,,,,,,,
,,,,,,,,,,,,,
Y,189,189,179,189,189,179,199,199,199,179,179,219,189
Y,419,439,439,439,439,439,,,,419,439,499,489
Y,656,659,659,649,659,659,,,,649,659,699,749
,,,,,,,,,,,,,
,,,,,,,,,,,,,
,,,,,,,,,,,,,
,,,,,,,,,,,,,
,,,,,,,,,,,,,
,,,,,,,,,,,,,
,,,,,,,,,,,,,
,,,,,,,,,,,,,
,,,,,,,,,,,,,
,,,,,,,,,,,,,
,,,,,,,,,,,,,
,,,,,,,,,,,,,
,,,,,,,,,,,,,
,,,,,,,,,,,,,
,,,,,,,,,,,,,
,,,,,,,,,,,,,
,,,,,,,,,,,,,
,,,,,,,,,,,,,
,,,,,,,,,,,,,
,,,,,,,,,,,,,
,,,,,,,,,,,,,
,,,,,,,,,,,,,
,,,,,,,,,,,,,
,,,,,,,,,,,,,
,,,,,,,,,,,,,
,,,,,,,,,,,,,
,,,,,,,,,,,,,
,,,,,,,,,,,,,
,,,,,,,,,,,,,
,,,,,,,,,,,,,
,,,,,,,,,,,,,
,,,,,,,,,,,,,
,,,,,,,,,,,,,
,,,,,,,,,,,,,
,,,,,,,,,,,,,
,,,,,,,,,,,,,
,,,,,,,,,,,,,
,,,,,,,,,,,,,
,,,,,,,,,,,,,
,,,,,,,,,,,,,
,,,,,,,,,,,,,
,,,,,,,,,,,,,
,,,,,,,,,,,,,
,,,,,,,,,,,,,
,,,,,,,,,,,,,
,,,,,,,,,,,,,
,,,,,,,,,,,,,
,,,,,,,,,,,,,
,,,,,,,,,,,,,
,,,,,,,,,,,,,
,,,,,,,,,,,,,
,,,,,,,,,,,,,
,,,,,,,,,,,,,
,,,,,,,,,,,,,
,,,,,,,,,,,,,
Y,149,149,149,149,149,149,159,159,159,149,149,159,159
,,,,,,,,,,,,,
,,,,,,,,,,,,,
,,,,,,,,,,,,,
Y,,149,149,,,,,,,,149,,159
,,,,,,,,,,,,,
,,,,,,,,,,,,,
,,,,,,,,,,,,,
Y,,239,,,,,,,,,,,
,,,,,,,,,,,,,
,,,,,,,,,,,,,
,,,,,,,,,,,,,
,,,,,,,,,,,,,
,,,,,,,,,,,,,
,,,,,,,,,,,,,
,,,,,,,,,,,,,
,,,,,,,,,,,,,
,,,,,,,,,,,,,
,,,,,,,,,,,,,
,,,,,,,,,,,,,
,,,,,,,,,,,,,
Y,99,99,99,99,99,99,99,99,99,99,99,99,99
,,,,,,,,,,,,,
,,,,,,,,,,,,,
Y,629,599,619,619,619,629,669,669,669,629,639,669,669
,,,,,,,,,,,,,
Y,919,969,959,969,969,959,839,839,839,949,979,839,879
,,,,,,,,,,,,,
Y,1069,1089,1099,1079,1099,1099,1099,1099,1099,1049,1079,1099,1099
,,,,,,,,,,,,,
Y,0,40,40,40,40,40,40,40,40,40,40,40,40
Y,499,439,499,519,499,499,439,439,439,489,519,439,449
,,,,,,,,,,,,,
,,,,,,,,,,,,,
,,,,,,,,,,,,,
,,,,,,,,,,,,,
,,,,,,,,,,,,,
,,,,,,,,,,,,,
,,,,,,,,,,,,,
,,,,,,,,,,,,,
,,,,,,,,,,,,,
,,,,,,,,,,,,,
,,,,,,,,,,,,,
,,,,,,,,,,,,,
,,,,,,,,,,,,,
,,,,,,,,,,,,,
,,,,,,,,,,,,,
Y,239,239,239,239,239,239,239,239,239,239,239,239,239
,,,,,,,,,,,,,
,,,,,,,,,,,,,
,,,,,,,,,,,,,
,,,,,,,,,,,,,
,,,,,,,,,,,,,
,,,,,,,,,,,,,
,,,,,,,,,,,,,
,,,,,,,,,,,,,
,,,,,,,,,,,,,
,,,,,,,,,,,,,
Y,319,319,319,319,319,319,199,199,199,319,319,199,199
,,,,,,,,,,,,,
,,,,,,,,,,,,,
,,,,,,,,,,,,,
,,,,,,,,,,,,,
,,,,,,,,,,,,,
,,,,,,,,,,,,,
,,,,,,,,,,,,,
,,,,,,,,,,,,,
,,,,,,,,,,,,,
,,,,,,,,,,,,,
,,,,,,,,,,,,,
,,,,,,,,,,,,,
,,,,,,,,,,,,,
,,,,,,,,,,,,,
,,,,,,,,,,,,,
,,,,,,,,,,,,,
,,,,,,,,,,,,,
,,,,,,,,,,,,,
,,,,,,,,,,,,,
,,,,,,,,,,,,,
,,,,,,,,,,,,,
,,,,,,,,,,,,,
,,,,,,,,,,,,,
,,,,,,,,,,,,,
Y,0,0,0,0,0,0,0,0,0,0,0,0,0
,,,,,,,,,,,,,
,,,,,,,,,,,,,
,,,,,,,,,,,,,
,,,,,,,,,,,,,
,,,,,,,,,,,,,
,,,,,,,,,,,,,
,,,,,,,,,,,,,
,,,,,,,,,,,,,
,,,,,,,,,,,,,
,,,,,,,,,,,,,
,,,,,,,,,,,,,
,,,,,,,,,,,,,
,,,,,,,,,,,,,
,,,,,,,,,,,,,
,,,,,,,,,,,,,
,,,,,,,,,,,,,
,,,,,,,,,,,,,
,,,,,,,,,,,,,
,,,,,,,,,,,,,
,,,,,,,,,,,,,
Y,99,99,99,99,99,99,79,,79,99,99,99,129
,,,,,,,,,,,,,
,,,,,,,,,,,,,
,,,,,,,,,,,,,
,,,,,,,,,,,,,
Y,30,30,30,30,30,30,30,30,30,30,30,30,30
,,,,,,,,,,,,,
,,,,,,,,,,,,,
,,,,,,,,,,,,,
,,,,,,,,,,,,,
,,,,,,,,,,,,,
,,,,,,,,,,,,,
,,,,,,,,,,,,,
Y,249,200,249,249,249,249,279,259,259,219,219,279,259
Y,30/40,30/40,30/40,30/40,30/40,30/40,40,40,40,30/40,30/40,40,40
,,,,,,,,,,,,,
,,,,,,,,,,,,,
,,,,,,,,,,,,,
,,,,,,,,,,,,,
,,,,,,,,,,,,,
Y,239,239,239,239,239,239,,,,239,239,239,239
,,,,,,,,,,,,,
,,,,,,,,,,,,,
,,,,,,,,,,,,,
,,,,,,,,,,,,,
Y,65,65,65,65,65,65,65,65,65,65,65,65,65
,,,,,,,,,,,,,
,,,,,,,,,,,,,
,,,,,,,,,,,,,
,,,,,,,,,,,,,
Y,159,159,159,159,159,159,159,159,159,159,159,159,159
,,,,,,,,,,,,,
Y,339,339,339,339,339,339,339,339,339,339,339,339,339
Y,349/369,349/369,349/369,349/369,349/369,349/369,359/389,359/389,359/389,349/369,349/369,359/389,359/389
Y,849,849,849,849,849,849,749,749,749,839,849,739,769
,,,,,,,,,,,,,
,,,,,,,,,,,,,
Y,,60,,,,,,,,60,60,,
Y,169,169,169,169,169,169,169,169,169,169,169,169,169
,,,,,,,,,,,,,
,,,,,,,,,,,,,
,,,,,,,,,,,,,
Y,759,779,759,769,759,759,,,,769,759,799,799
Y,1249,1259,1259,1279,1259,1269,,,,1269,1259,1269,1269
Y,759,779,759,769,759,759,,,,769,759,799,799
Y,1249,1259,1259,1279,1259,1269,,,,1269,1259,1269,1269
,,,,,,,,,,,,,
,,,,,,,,,,,,,
,,,,,,,,,,,,,
Y,599,599,599,599,599,599,499,499,499,599,599,499,549
Y,849,839,839,859,859,839,654,654,654,859,839,654,694
,,,,,,,,,,,,,
Y,546,500,549,549,549,549,,,,500,500,549,549
,,,,,,,,,,,,,
,,,,,,,,,,,,,
Y,299,299,299,299,299,299,,,,299,319,319,319
Y,469,469,449,449,449,469,339,339,339,469,469,359,319
Y,549,500,549,549,549,549,549,549,549,500,500,549,549
,,,,,,,,,,,,,
,,,,,,,,,,,,,
Y,130/150,130/150,130/150,130/150,130/150,130/150,130,130,130,130/150,130/150,130,120/200
,,,,,,,,,,,,,
,,,,,,,,,,,,,
,,,,,,,,,,,,,
,,,,,,,,,,,,,
,,,,,,,,,,,,,
,,,,,,,,,,,,,
,,,,,,,,,,,,,
,,,,,,,,,,,,,
Y,129,129,129,129,129,129,139,139,139,129,169,159,159
,,,,,,,,,,,,,
Y,129,129,169,129,129,129,139,139,139,129,129,159,159
,,,,,,,,,,,,,
Y,129,129,129,129,129,129,139,139,139,129,169,159,159
Y,129,129,129,129,129,129,139,139,139,129,169,159,159
Y,129,129,129,129,129,129,139,139,139,129,169,159,159
Y,129,129,129,129,129,129,139,139,139,129,169,159,159
Y,129,129,129,129,129,129,130,139,139,149,159,149,159
,,,,,,,,,,,,,
,,,,,,,,,,,,,
,,,,,,,,,,,,,
Y,129,129,129,129,129,129,139,139,139,129,169,159,159
,,,,,,,,,,,,,
,,,,,,,,,,,,,
,,,,,,,,,,,,,
,,,,,,,,,,,,,
,,,,,,,,,,,,,
,,,,,,,,,,,,,
Y,239,239,239,239,239,239,,,,239,239,239,239
,,,,,,,,,,,,,
Y,239,239,239,239,239,239,239,239,239,239,239,239,239
Y,15,15,15,15,15,,,,,15,15,15,15
,,,,,,,,,,,,,
,,,,,,,,,,,,,
,,,,,,,,,,,,,
Y,149,149,149,149,149,149,169,169,169,149,149,165,169
,,,,,,,,,,,,,
,,,,,,,,,,,,,
,,,,,,,,,,,,,
,,,,,,,,,,,,,
,,,,,,,,,,,,,
,,,,,,,,,,,,,
,,,,,,,,,,,,,
,,,,,,,,,,,,,
,,,,,,,,,,,,,
,,,,,,,,,,,,,
,,,,,,,,,,,,,
,,,,,,,,,,,,,
,,,,,,,,,,,,,
,,,,,,,,,,,,,
,,,,,,,,,,,,,
,,,,,,,,,,,,,
,,,,,,,,,,,,,
,,,,,,,,,,,,,
,,,,,,,,,,,,,
,,,,,,,,,,,,,
,,,,,,,,,,,,,
,,,,,,,,,,,,,
,,,,,,,,,,,,,
,,,,,,,,,,,,,
,,,,,,,,,,,,,
,,,,,,,,,,,,,
,,,,,,,,,,,,,
,,,,,,,,,,,,,
,,,,,,,,,,,,,
,,,,,,,,,,,,,
,,,,,,,,,,,,,
,,,,,,,,,,,,,
,,,,,,,,,,,,,
,,,,,,,,,,,,,
,,,,,,,,,,,,,
Y,239,239,239,239,239,239,239,239,239,239,239,239,239
,,,,,,,,,,,,,
,,,,,,,,,,,,,
,,,,,,,,,,,,,
,,,,,,,,,,,,,
,,,,,,,,,,,,,
,,,,,,,,,,,,,
Y,0,0,0,0,0,0,0,0,0,0,0,0,0
,,,,,,,,,,,,,
,,,,,,,,,,,,,
,,,,,,,,,,,,,
,,,,,,,,,,,,,
Y,799,799,799,799,799,799,,,,799,799,799,799
Y,1239,1239,1269,1249,1249,1259,,,,1269,1249,1329,1309
Y,799,799,799,799,799,799,,,,799,799,799,799
Y,1239,1239,1269,1249,1249,1259,,,,1269,1249,1329,1309
,,,,,,,,,,,,,
,,,,,,,,,,,,,
Y,,30,,,,,,,,,,,
,,,,,,,,,,,,,
Y,200,200,200,200,200,200,225,225,225,200,200,225,225
,,,,,,,,,,,,,
,,,,,,,,,,,,,
,,,,,,,,,,,,,
,,,,,,,,,,,,,
,,,,,,,,,,,,,
,,,,,,,,,,,,,
,,,,,,,,,,,,,
,,,,,,,,,,,,,
Y,239,239,259,239,239,259,229,229,229,249,259,229,249
,,,,,,,,,,,,,
,,,,,,,,,,,,,
,,,,,,,,,,,,,
,,,,,,,,,,,,,
,,,,,,,,,,,,,
,,,,,,,,,,,,,
,,,,,,,,,,,,,
,,,,,,,,,,,,,
,,,,,,,,,,,,,
,,,,,,,,,,,,,
,,,,,,,,,,,,,
,,,,,,,,,,,,,
,,,,,,,,,,,,,
,,,,,,,,,,,,,
,,,,,,,,,,,,,
Y,769,769,769,769,769,769,769,769,769,759,789,769,769
Y,1249,1259,1249,1259,1249,1239,1239,1239,1239,1259,1269,1219,1239
Y,429,429,429,429,429,429,439,439,439,429,429,419,439
Y,899,839,899,859,819,899,919,919,919,859,839,919,899
Y,,719,,,,,,,,749,739,,
Y,,1179,,,,,,,,1209,1199,,
,,,,,,,,,,,,,
,,,,,,,,,,,,,
Y,199,199,199,199,199,199,,,,199,199,169,169
Y,879,799,839,819,859,819,869,849,869,839,799,889,879
Y,1249,1199,1219,1199,1249,1219,1089,1119,1089,1229,1199,1099,1099
Y,359,329,359,329,339,349,329,329,329,329,339,359,299
Y,579,579,579,579,579,579,579,579,579,579,579,579,599
,,,,,,,,,,,,,
Y,989,989,989,989,979,989,889,889,889,979,989,949,939
Y,1439,1439,1469,1469,1469,1469,1419,1419,1419,1469,1479,1389,1439
,,,,,,,,,,,,,
,,,,,,,,,,,,,
,,,,,,,,,,,,,
Y,949,949,939,949,919,949,889,889,889,919,949,919,899
Y,1429,1429,1439,1459,1399,1459,1399,1399,1399,1439,1469,1379,1399
Y,819,779,759,819,789,819,779,779,779,839,819,839,829
Y,1299,1269,1299,1339,1299,1329,1289,1289,1289,1339,1319,1399,1319
,,,,,,,,,,,,,
,,,,,,,,,,,,,
,,,,,,,,,,,,,
,,,,,,,,,,,,,
,,,,,,,,,,,,,
,,,,,,,,,,,,,
,,,,,,,,,,,,,
Y,429,449,449,449,449,449,,,,429,449,449,429
Y,696,709,689,709,709,699,,,,729,689,709,679
Y,419,399,419,419,419,399,399,379,399,369,419,399,409
Y,636,649,649,669,649,649,629,629,629,659,649,649,669
,,,,,,,,,,,,,
,,,,,,,,,,,,,
Y,469,459,479,439,479,459,459,449,459,459,469,459,479
Y,716,729,729,749,759,729,689,689,689,729,729,709,739
,,,,,,,,,,,,,
,,,,,,,,,,,,,
Y,439,449,439,439,439,439,439,439,439,419,459,439,439
,,,,,,,,,,,,,
Y,696,719,699,699,699,699,699,699,699,719,719,689,699
,,,,,,,,,,,,,
Y,149,149,149,149,149,149,149,,149,149,149,149,149
,,,,,,,,,,,,,
,,,,,,,,,,,,,
Y,69/100,69/100,69/100,69/100,69/100,69/100,,,,69/100,69/100,69/100,50/100
Y,499,519,519,519,519,539,,,,519,539,539,519
Y,716,719,739,709,739,739,,,,709,739,759,799
,,,,,,,,,,,,,
,,,,,,,,,,,,,
Y,159,179,189,189,189,199,,,,169,199,269,249
,,,,,,,,,,,,,
,,,,,,,,,,,,,
Y,497,500,500,500,500,500,,,,500,500,500,500
Y,319,319,319,319,319,319,,,,319,319,319,319
,,,,,,,,,,,,,
,,,,,,,,,,,,,
,,,,,,,,,,,,,
Y,569,529,569,549,549,569,,,,549,569,599,569
Y,766,779,769,759,789,789,,,,759,789,819,859
,,,,,,,,,,,,,
Y,499,519,519,519,519,539,,,,519,539,539,519
Y,716,719,739,709,739,739,,,,709,739,759,799
,,,,,,,,,,,,,
,,,,,,,,,,,,,
,,,,,,,,,,,,,
,,,,,,,,,,,,,
,,,,,,,,,,,,,
,,,,,,,,,,,,,
,,,,,,,,,,,,,
,,,,,,,,,,,,,
,,,,,,,,,,,,,
,,,,,,,,,,,,,
,,,,,,,,,,,,,
,,,,,,,,,,,,,
,,,,,,,,,,,,,
,,,,,,,,,,,,,
,,,,,,,,,,,,,
,,,,,,,,,,,,,
,,,,,,,,,,,,,
Y,199,119,199,199,199,199,199,199,199,119,119,199,199
Y,199,119,199,199,199,199,199,199,199,119,119,199,199
Y,199,119,199,199,199,199,199,199,199,119,119,199,199
Y,199,119,199,199,199,199,199,199,199,119,119,199,199
,,,,,,,,,,,,,
,,,,,,,,,,,,,
,,,,,,,,,,,,,
,,,,,,,,,,,,,
,,,,,,,,,,,,,
,,,,,,,,,,,,,
,,,,,,,,,,,,,
,,,,,,,,,,,,,
,,,,,,,,,,,,,
Y,639,619,619,619,639,639,619,619,619,639,639,639,599
,,,,,,,,,,,,,
Y,999,999,999,999,999,999,999,1019,999,999,999,1019,999
Y,200,200,200,200,200,200,250,250,250,200,200,250,280
,,,,,,,,,,,,,
,,,,,,,,,,,,,
,,,,,,,,,,,,,
,,,,,,,,,,,,,
,,,,,,,,,,,,,
,,,,,,,,,,,,,
Y,50,50,50,50,50,50,50,50,50,50,50,50,50
,,,,,,,,,,,,,
,,,,,,,,,,,,,
Y,1223,1199,1232,1244,1234,1234,1269,1269,1269,1199,1199,1269,1249
,,,,,,,,,,,,,
Y,746,759,749,749,749,749,,,,779,759,749,749
Y,489,499,489,489,489,489,,,,499,499,489,489
,,,,,,,,,,,,,
Y,499,499,499,499,499,499,,,,499,499,409,419
Y,596,560,599,599,599,599,,,,560,560,599,599
,,,,,,,,,,,,,
Y,489,489,489,489,489,489,,,,469,499,489,489
Y,746,759,749,749,749,749,,,,759,759,749,749
,,,,,,,,,,,,,
Y,746,759,749,749,749,749,,,,779,759,749,749
Y,489,499,489,489,489,489,,,,499,499,489,489
,,,,,,,,,,,,,
Y,50,50,50,50,50,50,50,50,50,50,50,50,50
,,,,,,,,,,,,,
,,,,,,,,,,,,,
Y,739,699,739,739,719,739,789,789,789,699,719,789,769
Y,909,869,889,889,889,909,909,909,909,869,889,909,899
Y,1394,1367,1394,1414,1394,1410,1469,1469,1469,1369,1369,1469,1389
Y,669,549,669,649,649,649,649,649,649,649,649,649,649
Y,1049,1039,1049,1069,1069,1049,1069,1069,1069,1049,1049,1069,1049
,,,,,,,,,,,,,
,,,,,,,,,,,,,
,,,,,,,,,,,,,
,,,,,,,,,,,,,
,,,,,,,,,,,,,
,,,,,,,,,,,,,
,,,,,,,,,,,,,
,,,,,,,,,,,,,
,,,,,,,,,,,,,
,,,,,,,,,,,,,
,,,,,,,,,,,,,
,,,,,,,,,,,,,
,,,,,,,,,,,,,
,,,,,,,,,,,,,
Y,30/40,30/40,30/40,30/40,30/40,30/40,40,40,40,30/40,30/40,40,40
,,,,,,,,,,,,,
,,,,,,,,,,,,,
Y,239,239,239,239,239,239,239,239,239,239,239,239,239
,,,,,,,,,,,,,
,,,,,,,,,,,,,
,,,,,,,,,,,,,
,,,,,,,,,,,,,
,,,,,,,,,,,,,
,,,,,,,,,,,,,
,,,,,,,,,,,,,
,,,,,,,,,,,,,
,,,,,,,,,,,,,
,,,,,,,,,,,,,
Y,30,30,30,30,30,30,30,30,30,30,30,30,30
Y,249,200,249,249,249,249,279,259,259,219,219,279,259
,,,,,,,,,,,,,
,,,,,,,,,,,,,
,,,,,,,,,,,,,
,,,,,,,,,,,,,
,,,,,,,,,,,,,
,,,,,,,,,,,,,
,,,,,,,,,,,,,
,,,,,,,,,,,,,
,,,,,,,,,,,,,
,,,,,,,,,,,,,
Y,89,89,89,89,89,89,99,99,99,89,89,99,99
,,,,,,,,,,,,,
,,,,,,,,,,,,,
,,,,,,,,,,,,,
,,,,,,,,,,,,,
,,,,,,,,,,,,,
,,,,,,,,,,,,,
,,,,,,,,,,,,,
,,,,,,,,,,,,,
,,,,,,,,,,,,,
Y,220,220,220,220,220,220,225,,225,220,220,225,225
,,,,,,,,,,,,,
Y,669,649,669,669,649,669,699,,699,649,669,699,719
,,,,,,,,,,,,,
Y,1139,1139,1149,1169,1149,1159,1219,,1219,1149,1139,1199,1199
,,,,,,,,,,,,,
,,,,,,,,,,,,,
,,,,,,,,,,,,,
,,,,,,,,,,,,,
,,,,,,,,,,,,,
,,,,,,,,,,,,,
,,,,,,,,,,,,,
,,,,,,,,,,,,,
,,,,,,,,,,,,,
,,,,,,,,,,,,,
,,,,,,,,,,,,,
,,,,,,,,,,,,,
Y,100,100,100,100,100,100,112,112,112,100,100,112,112
,,,,,,,,,,,,,
,,,,,,,,,,,,,
Y,100,100,100,100,100,100,112,,112,100,100,112,112
,,,,,,,,,,,,,
,,,,,,,,,,,,,
,,,,,,,,,,,,,
,,,,,,,,,,,,,
,,,,,,,,,,,,,
,,,,,,,,,,,,,
,,,,,,,,,,,,,
,,,,,,,,,,,,,
Y,299,299,299,299,299,299,299,299,299,299,299,299,299
,,,,,,,,,,,,,
,,,,,,,,,,,,,
,,,,,,,,,,,,,
,,,,,,,,,,,,,
,,,,,,,,,,,,,
,,,,,,,,,,,,,
,,,,,,,,,,,,,
Y,569,569,569,569,569,569,569,569,569,569,569,669,559
Y,,,,,,,569,569,,,,669,
,,,,,,,,,,,,,
Y,569,569,569,569,569,569,569,569,569,569,569,669,559
,,,,,,,,,,,,,
,,,,,,,,,,,,,
,,,,,,,,,,,,,
,,,,,,,,,,,,,
,,,,,,,,,,,,,
Y,529,529,529,529,529,529,529,529,529,529,529,529,539
Y,,,,,,,529,529,,,,529,
,,,,,,,,,,,,,
Y,529,529,529,529,529,529,529,529,529,529,529,529,539
,,,,,,,,,,,,,
Y,539,539,539,539,539,539,539,539,539,539,539,539,539
Y,,,,,,,539,539,539,,,539,
Y,539,539,539,539,539,539,539,539,539,539,539,539,539
,,,,,,,,,,,,,
,,,,,,,,,,,,,
,,,,,,,,,,,,,
Y,489,489,489,489,489,489,489,489,489,489,489,489,498
Y,469,469,509,469,469,469,,,,469,469,,
Y,489,489,489,489,489,489,489,489,489,489,489,489,498
Y,539,539,539,539,539,539,539,539,539,539,539,539,539
Y,,,,,,,,,,,,539,
Y,539,539,539,539,539,539,539,539,539,539,539,539,539
,,,,,,,,,,,,,
Y,489,489,489,489,489,489,489,489,489,489,489,489,489
Y,,,,,,,489,489,,,,489,
,,,,,,,,,,,,,
Y,489,489,489,489,489,489,489,489,489,489,489,489,489
,,,,,,,,,,,,,
Y,489,479,449,479,479,449,499,499,499,459,499,499,509
Y,489,479,449,479,479,449,499,499,499,459,449,499,509
,,,,,,,,,,,,,
,,,,,,,,,,,,,
,,,,,,,,,,,,,
,,,,,,,,,,,,,
Y,489,489,489,489,489,489,489,489,489,489,489,489,498
Y,489,489,489,489,489,489,,,,489,469,,
Y,489,489,489,489,489,489,489,489,489,489,489,489,498
,,,,,,,,,,,,,
,,,,,,,,,,,,,
,,,,,,,,,,,,,
,,,,,,,,,,,,,
,,,,,,,,,,,,,
,,,,,,,,,,,,,
,,,,,,,,,,,,,
,,,,,,,,,,,,,
,,,,,,,,,,,,,
,,,,,,,,,,,,,
,,,,,,,,,,,,,
,,,,,,,,,,,,,
,,,,,,,,,,,,,
,,,,,,,,,,,,,
,,,,,,,,,,,,,
,,,,,,,,,,,,,
,,,,,,,,,,,,,
,,,,,,,,,,,,,
Y,259,269,249,269,269,259,279,289,279,289,249,289,269
,,,,,,,,,,,,,
Y,305,299,299,299,305,299,299,299,299,299,299,299,299
,,,,,,,,,,,,,
,,,,,,,,,,,,,
,,,,,,,,,,,,,
Y,99,99,99,99,99,99,99,99,99,99,99,99,99
,,,,,,,,,,,,,
,,,,,,,,,,,,,
,,,,,,,,,,,,,
,,,,,,,,,,,,,
,,,,,,,,,,,,,
,,,,,,,,,,,,,
,,,,,,,,,,,,,
,,,,,,,,,,,,,
,,,,,,,,,,,,,
,,,,,,,,,,,,,
,,,,,,,,,,,,,
,,,,,,,,,,,,,
,,,,,,,,,,,,,
,,,,,,,,,,,,,
,,,,,,,,,,,,,
,,,,,,,,,,,,,
,,,,,,,,,,,,,
,,,,,,,,,,,,,
,,,,,,,,,,,,,
,,,,,,,,,,,,,
,,,,,,,,,,,,,
,,,,,,,,,,,,,
,,,,,,,,,,,,,
,,,,,,,,,,,,,
,,,,,,,,,,,,,
,,,,,,,,,,,,,
,,,,,,,,,,,,,
,,,,,,,,,,,,,
,,,,,,,,,,,,,
,,,,,,,,,,,,,
,,,,,,,,,,,,,
,,,,,,,,,,,,,
,,,,,,,,,,,,,
,,,,,,,,,,,,,
,,,,,,,,,,,,,
,,,,,,,,,,,,,
,,,,,,,,,,,,,
,,,,,,,,,,,,,
,,,,,,,,,,,,,
,,,,,,,,,,,,,
,,,,,,,,,,,,,
,,,,,,,,,,,,,
Y,,,,,,,179,179,179,,,165,
Y,,,,,,,179,179,179,,,165,
Y,40,40,40,40,40,40,50,50,50,40,40,50,50
,,,,,,,,,,,,,
,,,,,,,,,,,,,
,,,,,,,,,,,,,
,,,,,,,,,,,,,
,,,,,,,,,,,,,
,,,,,,,,,,,,,
Y,,,,,,,179,179,179,,,,
,,,,,,,,,,,,,
,,,,,,,,,,,,,
,,,,,,,,,,,,,
,,,,,,,,,,,,,
,,,,,,,,,,,,,
,,,,,,,,,,,,,
,,,,,,,,,,,,,
Y,389,359,389,369,389,399,419,419,419,389,399,399,399
Y,419,379,399,419,419,429,439,439,439,399,419,419,449
Y,626,649,669,639,639,659,669,669,669,639,629,669,739
Y,419,379,399,419,419,429,439,439,439,399,419,419,449
Y,626,649,669,639,639,659,669,669,669,639,629,669,739
,,,,,,,,,,,,,
Y,616,629,649,611,619,649,639,649,639,629,611,639,679
,,,,,,,,,,,,,
,,,,,,,,,,,,,
,,,,,,,,,,,,,
,,,,,,,,,,,,,
,,,,,,,,,,,,,
,,,,,,,,,,,,,
,,,,,,,,,,,,,
,,,,,,,,,,,,,
,,,,,,,,,,,,,
,,,,,,,,,,,,,
,,,,,,,,,,,,,
,,,,,,,,,,,,,
,,,,,,,,,,,,,
,,,,,,,,,,,,,
,,,,,,,,,,,,,
,,,,,,,,,,,,,
,,,,,,,,,,,,,
,,,,,,,,,,,,,
,,,,,,,,,,,,,
,,,,,,,,,,,,,
,,,,,,,,,,,,,
,,,,,,,,,,,,,
,,,,,,,,,,,,,
,,,,,,,,,,,,,
,,,,,,,,,,,,,
,,,,,,,,,,,,,
Y,369,369,369,369,369,369,369,369,369,369,369,369,369
Y,500,500,500,500,500,500,500,500,500,500,500,500,500
,,,,,,,,,,,,,
,,,,,,,,,,,,,
Y,0,0,0,0,0,0,0,0,0,0,0,0,0
,,,,,,,,,,,,,
,,,,,,,,,,,,,
,,,,,,,,,,,,,
,,,,,,,,,,,,,
,,,,,,,,,,,,,
,,,,,,,,,,,,,
,,,,,,,,,,,,,
,,,,,,,,,,,,,
,,,,,,,,,,,,,
,,,,,,,,,,,,,
,,,,,,,,,,,,,
,,,,,,,,,,,,,
,,,,,,,,,,,,,
,,,,,,,,,,,,,
,,,,,,,,,,,,,
,,,,,,,,,,,,,
,,,,,,,,,,,,,
,,,,,,,,,,,,,
,,,,,,,,,,,,,
,,,,,,,,,,,,,
,,,,,,,,,,,,,
,,,,,,,,,,,,,
,,,,,,,,,,,,,
,,,,,,,,,,,,,
,,,,,,,,,,,,,
,,,,,,,,,,,,,
,,,,,,,,,,,,,
,,,,,,,,,,,,,
,,,,,,,,,,,,,
,,,,,,,,,,,,,
,,,,,,,,,,,,,
,,,,,,,,,,,,,
,,,,,,,,,,,,,
,,,,,,,,,,,,,
,,,,,,,,,,,,,
,,,,,,,,,,,,,
,,,,,,,,,,,,,
,,,,,,,,,,,,,
,,,,,,,,,,,,,
,,,,,,,,,,,,,
,,,,,,,,,,,,,
,,,,,,,,,,,,,
,,,,,,,,,,,,,
,,,,,,,,,,,,,
,,,,,,,,,,,,,
,,,,,,,,,,,,,
,,,,,,,,,,,,,
,,,,,,,,,,,,,
,,,,,,,,,,,,,
,,,,,,,,,,,,,
,,,,,,,,,,,,,
,,,,,,,,,,,,,
,,,,,,,,,,,,,
,,,,,,,,,,,,,
,,,,,,,,,,,,,
,,,,,,,,,,,,,
,,,,,,,,,,,,,
,,,,,,,,,,,,,
,,,,,,,,,,,,,
,,,,,,,,,,,,,
,,,,,,,,,,,,,
,,,,,,,,,,,,,
,,,,,,,,,,,,,
,,,,,,,,,,,,,
,,,,,,,,,,,,,
,,,,,,,,,,,,,
,,,,,,,,,,,,,
,,,,,,,,,,,,,
,,,,,,,,,,,,,
,,,,,,,,,,,,,
,,,,,,,,,,,,,
,,,,,,,,,,,,,
,,,,,,,,,,,,,
,,,,,,,,,,,,,
Y,169,119,169,169,169,169,169,169,169,119,119,169,169
Y,169,119,169,169,169,169,169,169,169,119,119,169,169
Y,169,119,169,169,169,169,169,169,169,119,119,169,169
Y,169,119,169,169,169,169,169,169,169,119,119,169,169
,,,,,,,,,,,,,
,,,,,,,,,,,,,
,,,,,,,,,,,,,
,,,,,,,,,,,,,
,,,,,,,,,,,,,
,,,,,,,,,,,,,
,,,,,,,,,,,,,
,,,,,,,,,,,,,
,,,,,,,,,,,,,
,,,,,,,,,,,,,
,,,,,,,,,,,,,
,,,,,,,,,,,,,
,,,,,,,,,,,,,
,,,,,,,,,,,,,
,,,,,,,,,,,,,
,,,,,,,,,,,,,
,,,,,,,,,,,,,
,,,,,,,,,,,,,
,,,,,,,,,,,,,
Y,30,20,30,30,30,30,,,,20,20,30,30
,,,,,,,,,,,,,
,,,,,,,,,,,,,
,,,,,,,,,,,,,
,,,,,,,,,,,,,
,,,,,,,,,,,,,
,,,,,,,,,,,,,
,,,,,,,,,,,,,
,,,,,,,,,,,,,
,,,,,,,,,,,,,
Y,100,100,100,100,100,100,80,80,80,100,100,80,80
,,,,,,,,,,,,,
,,,,,,,,,,,,,
,,,,,,,,,,,,,
,,,,,,,,,,,,,
Y,129,129,129,139,129,129,,,,129,129,189,189
,,,,,,,,,,,,,
,,,,,,,,,,,,,
Y,269,269,289,269,289,269,,,,269,269,329,329
Y,259,259,219,239,239,219,,,,239,239,279,259
Y,299,299,299,299,299,299,299,289,289,289,299,289,289
,,,,,,,,,,,,,
Y,399,399,399,399,399,399,459,419,419,399,399,399,399
Y,369,369,369,369,369,369,,,,369,369,409,399
,,,,,,,,,,,,,
Y,,400,,,,,,,,400,,,400
Y,319,329,319,319,319,319,329,329,329,319,319,329,329
Y,439,399,439,439,439,439,,,,439,439,459,449
,,,,,,,,,,,,,
,,,,,,,,,,,,,
,,,,,,,,,,,,,
,,,,,,,,,,,,,
,,,,,,,,,,,,,
,,,,,,,,,,,,,
,,,,,,,,,,,,,
Y,429,429,429,429,439,429,439,439,439,429,429,419,439
Y,299,299,299,299,299,299,299,289,289,289,299,289,289
,,,,,,,,,,,,,
Y,379,369,369,369,369,369,399,399,399,369,369,399,399
Y,444,444,444,444,449,,,,,444,444,444,444
,,,,,,,,,,,,,
Y,299,299,299,299,299,299,299,289,289,289,299,289,289
Y,,,,,,,,,,350,,,350
Y,,400,,,,,,,,400,,,400
,,,,,,,,,,,,,
,,,,,,,,,,,,,
Y,299,299,299,299,299,299,299,289,289,289,299,289,289
Y,169,219,169,169,169,169,169,169,169,219,209,169,169
Y,,,,,,,,,,400,,,400
Y,439,399,439,439,439,439,,,,439,439,459,449
,,,,,,,,,,,,,
,,,,,,,,,,,,,
Y,489,469,489,479,469,479,489,489,489,489,459,489,479
Y,299,299,299,299,299,299,299,289,289,289,299,289,289
Y,299,299,299,299,299,299,299,289,289,289,299,289,289
Y,299,299,299,299,299,299,299,289,289,289,299,279,289
Y,169,219,169,169,169,169,169,169,169,219,209,169,169
Y,439,439,439,439,439,439,,,,439,439,389,389
,,,,,,,,,,,,,
Y,299,299,299,299,299,299,299,299,299,299,299,319,289
Y,319,329,319,319,319,319,329,329,329,319,319,329,329
,,,,,,,,,,,,,
,,,,,,,,,,,,,
,,,,,,,,,,,,,
,,,,,,,,,,,,,
,,,,,,,,,,,,,
,,,,,,,,,,,,,
Y,369,369,369,369,369,369,,,,369,369,409,399
,,,,,,,,,,,,,
,,,,,,,,,,,,,
Y,439,399,439,439,439,439,,,,439,439,459,449
,,,,,,,,,,,,,
Y,,319,319,,,319,,,,319,319,319,289
,,,,,,,,,,,,,
,,,,,,,,,,,,,
,,,,,,,,,,,,,
Y,419,399,399,419,419,419,459,419,419,419,419,419,399
,,,,,,,,,,,,,
,,,,,,,,,,,,,
,,,,,,,,,,,,,
Y,399,399,399,399,399,399,,,,399,399,419,419
Y,369,369,369,369,369,369,,,,359,369,359,369
Y,289,299,289,289,289,289,299,269,289,299,289,319,289
Y,259,259,219,239,239,219,,,,239,239,279,259
Y,169,219,169,219,169,169,169,169,169,219,209,169,169
Y,169,219,169,169,169,169,169,169,169,219,209,169,169
Y,169,150,169,169,169,169,169,169,169,150,150,169,169
Y,169,150,169,169,169,169,,,,150,150,169,169
,,,,,,,,,,,,,
,,,,,,,,,,,,,
,,,,,,,,,,,,,
,,,,,,,,,,,,,
Y,429,429,429,429,439,429,439,439,439,429,429,419,439
Y,299,299,299,299,299,299,299,289,289,289,299,289,289
Y,419,399,399,419,419,419,459,419,419,419,419,419,399
Y,429,429,429,429,439,429,439,439,439,429,429,419,439
Y,,400,,,,,,,,400,,,
Y,,400,,,,,,,,400,400,,400
Y,379,369,369,369,369,369,399,,399,369,369,399,399
Y,319,329,319,319,319,319,329,329,329,319,319,329,329
Y,429,429,429,429,439,429,439,439,439,429,429,419,439
Y,,319,319,,,319,,,,319,319,319,319
,,,,,,,,,,,,,
,,,,,,,,,,,,,
,,,,,,,,,,,,,
,,,,,,,,,,,,,
,,,,,,,,,,,,,
,,,,,,,,,,,,,
,,,,,,,,,,,,,
,,,,,,,,,,,,,
,,,,,,,,,,,,,
,,,,,,,,,,,,,
,,,,,,,,,,,,,
,,,,,,,,,,,,,
,,,,,,,,,,,,,
,,,,,,,,,,,,,
,,,,,,,,,,,,,
,,,,,,,,,,,,,
,,,,,,,,,,,,,
,,,,,,,,,,,,,
,,,,,,,,,,,,,
,,,,,,,,,,,,,
,,,,,,,,,,,,,
,,,,,,,,,,,,,
,,,,,,,,,,,,,
,,,,,,,,,,,,,
,,,,,,,,,,,,,
,,,,,,,,,,,,,
,,,,,,,,,,,,,
,,,,,,,,,,,,,
,,,,,,,,,,,,,
,,,,,,,,,,,,,
,,,,,,,,,,,,,
,,,,,,,,,,,,,
,,,,,,,,,,,,,
,,,,,,,,,,,,,
,,,,,,,,,,,,,
,,,,,,,,,,,,,
,,,,,,,,,,,,,
,,,,,,,,,,,,,
,,,,,,,,,,,,,
,,,,,,,,,,,,,
,,,,,,,,,,,,,
,,,,,,,,,,,,,
,,,,,,,,,,,,,
,,,,,,,,,,,,,
,,,,,,,,,,,,,
,,,,,,,,,,,,,
,,,,,,,,,,,,,
,,,,,,,,,,,,,
,,,,,,,,,,,,,
,,,,,,,,,,,,,
,,,,,,,,,,,,,
,,,,,,,,,,,,,
,,,,,,,,,,,,,
,,,,,,,,,,,,,
,,,,,,,,,,,,,
,,,,,,,,,,,,,
,,,,,,,,,,,,,
,,,,,,,,,,,,,
,,,,,,,,,,,,,
,,,,,,,,,,,,,
,,,,,,,,,,,,,
,,,,,,,,,,,,,
,,,,,,,,,,,,,
,,,,,,,,,,,,,
,,,,,,,,,,,,,
,,,,,,,,,,,,,
,,,,,,,,,,,,,
,,,,,,,,,,,,,
,,,,,,,,,,,,,
,,,,,,,,,,,,,
,,,,,,,,,,,,,
,,,,,,,,,,,,,
Y,40,40,40,40,40,40,40,40,40,40,40,40,40
Y,0,0,0,0,0,40,40,40,40,20,30,40,40
,,,,,,,,,,,,,
Y,30,30,30,30,30,30,,,,30,30,40,40
,,,,,,,,,,,,,
,,,,,,,,,,,,,
,,,,,,,,,,,,,
,,,,,,,,,,,,,
,,,,,,,,,,,,,
,,,,,,,,,,,,,
,,,,,,,,,,,,,
,,,,,,,,,,,,,
,,,,,,,,,,,,,
Y,599,599,599,599,599,599,599,599,599,599,599,599,599
,,,,,,,,,,,,,
Y,1029,999,1029,1029,1029,1029,1029,1029,1029,999,999,1029,1029
Y,669,649,669,669,649,669,739,739,739,649,669,739,719
Y,1149,1149,1159,1169,1149,1159,1219,1219,1219,1149,1149,1219,1199
Y,399,379,399,399,399,399,379,379,379,399,379,379,379
,,,,,,,,,,,,,
,,,,,,,,,,,,,
Y,500,500,500,500,500,500,500,500,500,500,500,500,500
,,,,,,,,,,,,,
,,,,,,,,,,,,,
,,,,,,,,,,,,,
,,,,,,,,,,,,,
Y,139,139,139,139,139,139,,,,139,149,189,189
,,,,,,,,,,,,,
,,,,,,,,,,,,,
,,,,,,,,,,,,,
,,,,,,,,,,,,,
,,,,,,,,,,,,,
,,,,,,,,,,,,,
,,,,,,,,,,,,,
,,,,,,,,,,,,,
,,,,,,,,,,,,,
,,,,,,,,,,,,,
,,,,,,,,,,,,,
,,,,,,,,,,,,,
Y,619,619,619,599,599,599,599,599,599,599,599,599,599
,,,,,,,,,,,,,
,,,,,,,,,,,,,
,,,,,,,,,,,,,
Y,999,1019,999,1019,1019,999,1019,1019,1019,1019,999,1019,999
,,,,,,,,,,,,,
,,,,,,,,,,,,,
,,,,,,,,,,,,,
,,,,,,,,,,,,,
,,,,,,,,,,,,,
,,,,,,,,,,,,,
,,,,,,,,,,,,,
,,,,,,,,,,,,,
Y,110/210,100/200/210,100/210,100/210,100/210,100/210,100/200,100/210,100/210,100/200/210,100/200/210,100/210,101/200
Y,239,239,259,239,259,239,,,,239,239,279,279
,,,,,,,,,,,,,
Y,239,239,199,219,219,199,,,,219,219,259,239
Y,239,239,259,239,239,259,229,229,229,249,259,229,249
,,,,,,,,,,,,,
Y,399,359,389,399,399,359,359,359,359,399,399,369,379
,,,,,,,,,,,,,
Y,339,339,339,339,339,339,,,,339,339,359,349
,,,,,,,,,,,,,
Y,,350,,,,,,,,350,,,350
Y,289,269,289,289,289,289,299,299,299,269,289,299,299
Y,379,369,379,379,379,379,,,,379,379,409,399
,,,,,,,,,,,,,
,,,,,,,,,,,,,
,,,,,,,,,,,,,
,,,,,,,,,,,,,
,,,,,,,,,,,,,
,,,,,,,,,,,,,
,,,,,,,,,,,,,
,,,,,,,,,,,,,
Y,379,379,379,379,389,379,389,389,389,359,379,389,399
Y,239,239,259,239,239,259,229,229,229,249,259,229,249
,,,,,,,,,,,,,
Y,349,329,349,339,349,349,369,379,369,339,349,379,359
Y,404,404,404,404,404,,,,,404,404,404,404
,,,,,,,,,,,,,
Y,239,239,259,239,239,259,229,229,229,249,259,229,249
Y,,,,,,,,,,300,,,300
Y,,350,,,,,,,,350,,,350
,,,,,,,,,,,,,
,,,,,,,,,,,,,
Y,239,239,259,239,239,259,229,229,229,249,259,229,249
Y,139,179,139,139,139,139,139,139,139,179,179,139,139
Y,,,,,,,,,,350,,,350
Y,379,369,379,379,379,379,,,,379,379,409,399
,,,,,,,,,,,,,
,,,,,,,,,,,,,
Y,439,429,459,439,439,449,449,449,449,469,439,449,449
Y,239,239,259,239,239,259,229,229,229,249,259,229,249
Y,239,239,259,239,239,259,229,229,229,249,259,229,249
Y,239,239,259,239,239,259,229,229,229,259,259,229,249
Y,139,179,139,139,139,139,139,139,139,179,179,139,139
Y,419,399,399,399,399,399,,,,419,419,369,369
,,,,,,,,,,,,,
Y,279,249,279,279,279,279,289,289,289,259,279,289,259
Y,289,269,289,289,289,289,299,299,299,269,289,299,299
,,,,,,,,,,,,,
,,,,,,,,,,,,,
,,,,,,,,,,,,,
,,,,,,,,,,,,,
,,,,,,,,,,,,,
,,,,,,,,,,,,,
Y,339,339,339,339,339,339,,,,339,339,359,349
,,,,,,,,,,,,,
,,,,,,,,,,,,,
Y,379,369,379,379,379,379,,,,379,379,409,399
,,,,,,,,,,,,,
Y,,269,269,,,269,,,,269,269,269,259
,,,,,,,,,,,,,
,,,,,,,,,,,,,
,,,,,,,,,,,,,
Y,399,379,389,399,399,379,359,359,359,399,399,369,379
,,,,,,,,,,,,,
,,,,,,,,,,,,,
,,,,,,,,,,,,,
,,,,,,,,,,,,,
Y,379,379,379,379,379,379,,,,379,379,379,359
,,,,,,,,,,,,,
,,,,,,,,,,,,,
Y,299,299,319,319,299,319,,,,309,319,289,309
Y,259,259,259,259,259,259,259,269,259,259,259,269,249
Y,239,239,199,219,219,199,,,,219,219,259,239
Y,139,179,139,139,139,139,139,139,139,179,179,139,139
Y,139,179,139,139,139,139,139,139,139,179,179,139,139
Y,139,125,139,139,139,139,139,139,139,125,125,139,139
Y,139,125,139,139,139,139,,,,125,125,139,139
,,,,,,,,,,,,,
,,,,,,,,,,,,,
,,,,,,,,,,,,,
Y,379,379,379,379,389,379,389,389,389,359,379,389,399
Y,239,239,259,239,239,259,229,229,229,249,259,229,249
Y,399,379,389,399,399,379,359,359,359,399,399,369,379
Y,379,379,379,379,389,379,389,389,389,359,379,389,399
Y,,350,,,,,,,,350,,,
Y,,350,,,,,,,,350,350,,350
Y,349,329,349,339,349,349,369,,369,339,349,379,359
Y,289,269,289,289,289,289,299,299,299,269,289,299,299
Y,379,379,379,379,389,379,389,389,389,359,379,389,399
Y,,269,269,,,269,,,,269,269,269,269
,,,,,,,,,,,,,
,,,,,,,,,,,,,
,,,,,,,,,,,,,
,,,,,,,,,,,,,
,,,,,,,,,,,,,
,,,,,,,,,,,,,
,,,,,,,,,,,,,
,,,,,,,,,,,,,
,,,,,,,,,,,,,
,,,,,,,,,,,,,
,,,,,,,,,,,,,
,,,,,,,,,,,,,
,,,,,,,,,,,,,
,,,,,,,,,,,,,
,,,,,,,,,,,,,
,,,,,,,,,,,,,
,,,,,,,,,,,,,
,,,,,,,,,,,,,
,,,,,,,,,,,,,
,,,,,,,,,,,,,
Y,139,119,139,139,139,139,139,139,139,119,119,139,139
Y,139,119,139,139,139,139,139,139,139,119,119,139,139
Y,139,119,139,139,139,139,139,139,139,119,119,139,139
Y,139,119,139,139,139,139,139,139,139,119,119,139,139
,,,,,,,,,,,,,
,,,,,,,,,,,,,
,,,,,,,,,,,,,
,,,,,,,,,,,,,
,,,,,,,,,,,,,
,,,,,,,,,,,,,
,,,,,,,,,,,,,
Y,539,539,549,539,549,529,,,,529,539,619,569
Y,769,799,789,799,819,799,,,,799,789,839,869
Y,559,559,569,559,569,549,559,549,559,549,559,559,449/549
Y,789,799/819,799,819,839,799/819,779,779,779,799/829,799,799,799/819
,,,,,,,,,,,,,
,,,,,,,,,,,,,
,,,,,,,,,,,,,
,,,,,,,,,,,,,
Y,,0,,0,0,0,,,,,0,0,0
,,,,,,,,,,,,,
,,,,,,,,,,,,,
,,,,,,,,,,,,,
,,,,,,,,,,,,,
,,,,,,,,,,,,,
,,,,,,,,,,,,,
,,,,,,,,,,,,,
,,,,,,,,,,,,,
,,,,,,,,,,,,,
,,,,,,,,,,,,,
,,,,,,,,,,,,,
,,,,,,,,,,,,,
,,,,,,,,,,,,,
,,,,,,,,,,,,,
,,,,,,,,,,,,,
,,,,,,,,,,,,,
,,,,,,,,,,,,,
,,,,,,,,,,,,,
,,,,,,,,,,,,,
,,,,,,,,,,,,,
Y,305,299,299,299,305,299,299,299,299,299,299,299,299
,,,,,,,,,,,,,
,,,,,,,,,,,,,
,,,,,,,,,,,,,
,,,,,,,,,,,,,
,,,,,,,,,,,,,
,,,,,,,,,,,,,
,,,,,,,,,,,,,
,,,,,,,,,,,,,
,,,,,,,,,,,,,
,,,,,,,,,,,,,
,,,,,,,,,,,,,
,,,,,,,,,,,,,
,,,,,,,,,,,,,
,,,,,,,,,,,,,
,,,,,,,,,,,,,
,,,,,,,,,,,,,
,,,,,,,,,,,,,
,,,,,,,,,,,,,
,,,,,,,,,,,,,
,,,,,,,,,,,,,
,,,,,,,,,,,,,
,,,,,,,,,,,,,
,,,,,,,,,,,,,
,,,,,,,,,,,,,
,,,,,,,,,,,,,
,,,,,,,,,,,,,
,,,,,,,,,,,,,
Y,40,40,40,40,40,40,50,50,50,40,40,50,50
,,,,,,,,,,,,,
,,,,,,,,,,,,,
,,,,,,,,,,,,,
,,,,,,,,,,,,,
,,,,,,,,,,,,,
,,,,,,,,,,,,,
,,,,,,,,,,,,,
,,,,,,,,,,,,,
,,,,,,,,,,,,,
,,,,,,,,,,,,,
,,,,,,,,,,,,,
,,,,,,,,,,,,,
,,,,,,,,,,,,,
,,,,,,,,,,,,,
,,,,,,,,,,,,,
,,,,,,,,,,,,,
,,,,,,,,,,,,,
,,,,,,,,,,,,,
,,,,,,,,,,,,,
,,,,,,,,,,,,,
,,,,,,,,,,,,,
,,,,,,,,,,,,,
,,,,,,,,,,,,,
,,,,,,,,,,,,,
Y,30,30,30,30,30,30,30,30,30,30,30,30,30
,,,,,,,,,,,,,
,,,,,,,,,,,,,
,,,,,,,,,,,,,
,,,,,,,,,,,,,
,,,,,,,,,,,,,
,,,,,,,,,,,,,
,,,,,,,,,,,,,
,,,,,,,,,,,,,
,,,,,,,,,,,,,
,,,,,,,,,,,,,
,,,,,,,,,,,,,
,,,,,,,,,,,,,
,,,,,,,,,,,,,
,,,,,,,,,,,,,
,,,,,,,,,,,,,
,,,,,,,,,,,,,
,,,,,,,,,,,,,
,,,,,,,,,,,,,
,,,,,,,,,,,,,
,,,,,,,,,,,,,
,,,,,,,,,,,,,
,,,,,,,,,,,,,
,,,,,,,,,,,,,
,,,,,,,,,,,,,
,,,,,,,,,,,,,
,,,,,,,,,,,,,
,,,,,,,,,,,,,
Y,0,0,0,0,0,0,,,0,0,0,0,0
,,,,,,,,,,,,,
Y,0,0,0,0,0,0,0,0,0,0,0,0,0
,,,,,,,,,,,,,
Y,179,179,179,179,179,179,179,179,179,179,179,179,179
Y,899,899,899,899,849,899,699,699,699,899,919,719,699
Y,479,479,479,479,479,479,479,479,479,479,479,479,479
,,,,,,,,,,,,,
,,,,,,,,,,,,,
,,,,,,,,,,,,,
,,,,,,,,,,,,,
,,,,,,,,,,,,,
,,,,,,,,,,,,,
,,,,,,,,,,,,,
,,,,,,,,,,,,,
,,,,,,,,,,,,,
,,,,,,,,,,,,,
,,,,,,,,,,,,,
,,,,,,,,,,,,,
,,,,,,,,,,,,,
,,,,,,,,,,,,,
,,,,,,,,,,,,,
,,,,,,,,,,,,,
,,,,,,,,,,,,,
,,,,,,,,,,,,,
,,,,,,,,,,,,,
,,,,,,,,,,,,,
,,,,,,,,,,,,,
,,,,,,,,,,,,,
,,,,,,,,,,,,,
,,,,,,,,,,,,,
Y,499,519,519,519,519,539,,,,519,539,539,519
Y,716,719,739,709,739,739,,,,709,739,759,799
,,,,,,,,,,,,,
,,,,,,,,,,,,,
Y,159,179,189,189,189,199,,,,169,199,269,249
,,,,,,,,,,,,,
,,,,,,,,,,,,,
,,,,,,,,,,,,,
Y,497,521,500,500,500,500,,,,500,500,500,500
Y,319,319,319,319,319,319,,,,319,319,319,319
,,,,,,,,,,,,,
,,,,,,,,,,,,,
,,,,,,,,,,,,,
,,,,,,,,,,,,,
,,,,,,,,,,,,,
,,,,,,,,,,,,,
,,,,,,,,,,,,,
Y,569,529,569,549,549,569,,,,549,569,599,569
Y,766,779,769,759,789,789,,,,759,789,819,859
Y,499,519,519,519,519,539,,,,519,539,539,519
Y,716,719,739,709,739,739,,,,709,739,759,799
,,,,,,,,,,,,,
,,,,,,,,,,,,,
,,,,,,,,,,,,,
,,,,,,,,,,,,,
Y,579,519,549,549,579,549,489,499,519,489,499,579,549
,,,,,,,,,,,,,
,,,,,,,,,,,,,
,,,,,,,,,,,,,
,,,,,,,,,,,,,
,,,,,,,,,,,,,
,,,,,,,,,,,,,
,,,,,,,,,,,,,
,,,,,,,,,,,,,
Y,1599,1200,1599,1599,1599,1599,1599,1599,1599,1200,1200,1599,1599
,,,,,,,,,,,,,
Y,1599,1200,1599,1599,1599,1599,,,,1200,1200,1599,1599
,,,,,,,,,,,,,
,,,,,,,,,,,,,
,,,,,,,,,,,,,
,,,,,,,,,,,,,
,,,,,,,,,,,,,
,,,,,,,,,,,,,
,,,,,,,,,,,,,
,,,,,,,,,,,,,
,,,,,,,,,,,,,
Y,789,799,799,799,799,799,819,819,839,819,799,879,849
Y,1319,1319,1319,1299,1319,1319,1349,1349,1349,1299,1319,1359,1319
,,,,,,,,,,,,,
,,,,,,,,,,,,,
,,,,,,,,,,,,,
,,,,,,,,,,,,,
,,,,,,,,,,,,,
Y,769,749,769,749,779,769,759,759,759,799,759,799,759
Y,1269,1249,1269,1269,1249,1279,1239,1239,1239,1259,1239,1299,1269
Y,699,679,699,679,699,699,719,719,719,719,679,749,699
Y,1189,1179,1019,1199,1179,1199,1189,1189,1189,1189,1179,1249,1219
Y,169,169,169,169,169,169,169,169,169,169,169,169,169
,,,,,,,,,,,,,
,,,,,,,,,,,,,
Y,389,389,389,389,389,389,389,389,389,389,389,389,389
Y,389,389,389,389,389,389,389,,389,389,389,389,389
,,,,,,,,,,,,,
,,,,,,,,,,,,,
,,,,,,,,,,,,,
,,,,,,,,,,,,,
,,,,,,,,,,,,,
Y,500,500,500,500,500,500,500,500,500,500,500,500,500
Y,500,500,500,500,500,500,500,,500,500,500,500,500
,,,,,,,,,,,,,
,,,,,,,,,,,,,
,,,,,,,,,,,,,
,,,,,,,,,,,,,
,,,,,,,,,,,,,
,,,,,,,,,,,,,
,,,,,,,,,,,,,
,,,,,,,,,,,,,
,,,,,,,,,,,,,
,,,,,,,,,,,,,
,,,,,,,,,,,,,
Y,80,80,80,80,80,80,,,,80,,30,80
,,,,,,,,,,,,,
,,,,,,,,,,,,,
,,,,,,,,,,,,,
,,,,,,,,,,,,,
,,,,,,,,,,,,,
,,,,,,,,,,,,,
,,,,,,,,,,,,,
Y,379,389,379,389,399,379,419,419,419,389,379,419,419
,,,,,,,,,,,,,
Y,459,459,449,469,479,469,499,,499,469,459,499,499
Y,379,389,379,389,399,379,,,,389,379,419,419
Y,379,389,379,389,399,379,419,419,419,389,379,419,419
,,,,,,,,,,,,,
,,,,,,,,,,,,,
,,,,,,,,,,,,,
,,,,,,,,,,,,,
,,,,,,,,,,,,,
,,,,,,,,,,,,,
,,,,,,,,,,,,,
,,,,,,,,,,,,,
,,,,,,,,,,,,,
,,,,,,,,,,,,,
,,,,,,,,,,,,,
,,,,,,,,,,,,,
Y,130,130,130,130,130,130,130,130,130,130,130,130,130
,,,,,,,,,,,,,
,,,,,,,,,,,,,
,,,,,,,,,,,,,
,,,,,,,,,,,,,
,,,,,,,,,,,,,
,,,,,,,,,,,,,
,,,,,,,,,,,,,
,,,,,,,,,,,,,
,,,,,,,,,,,,,
,,,,,,,,,,,,,
,,,,,,,,,,,,,
,,,,,,,,,,,,,
,,,,,,,,,,,,,
,,,,,,,,,,,,,
,,,,,,,,,,,,,
,,,,,,,,,,,,,
,,,,,,,,,,,,,
,,,,,,,,,,,,,
,,,,,,,,,,,,,
,,,,,,,,,,,,,
,,,,,,,,,,,,,
,,,,,,,,,,,,,
,,,,,,,,,,,,,
,,,,,,,,,,,,,
,,,,,,,,,,,,,
,,,,,,,,,,,,,
,,,,,,,,,,,,,
,,,,,,,,,,,,,
,,,,,,,,,,,,,
,,,,,,,,,,,,,
,,,,,,,,,,,,,
,,,,,,,,,,,,,
,,,,,,,,,,,,,
,,,,,,,,,,,,,
,,,,,,,,,,,,,
,,,,,,,,,,,,,
,,,,,,,,,,,,,
,,,,,,,,,,,,,
,,,,,,,,,,,,,
,,,,,,,,,,,,,
,,,,,,,,,,,,,
,,,,,,,,,,,,,
,,,,,,,,,,,,,
,,,,,,,,,,,,,
,,,,,,,,,,,,,
,,,,,,,,,,,,,
,,,,,,,,,,,,,
,,,,,,,,,,,,,
,,,,,,,,,,,,,
,,,,,,,,,,,,,
,,,,,,,,,,,,,
,,,,,,,,,,,,,
,,,,,,,,,,,,,
,,,,,,,,,,,,,
,,,,,,,,,,,,,
,,,,,,,,,,,,,
,,,,,,,,,,,,,
,,,,,,,,,,,,,
,,,,,,,,,,,,,
,,,,,,,,,,,,,
,,,,,,,,,,,,,
,,,,,,,,,,,,,
,,,,,,,,,,,,,
,,,,,,,,,,,,,
,,,,,,,,,,,,,
,,,,,,,,,,,,,
,,,,,,,,,,,,,
,,,,,,,,,,,,,
,,,,,,,,,,,,,
,,,,,,,,,,,,,
,,,,,,,,,,,,,
,,,,,,,,,,,,,
,,,,,,,,,,,,,
,,,,,,,,,,,,,
,,,,,,,,,,,,,
,,,,,,,,,,,,,
,,,,,,,,,,,,,
,,,,,,,,,,,,,
,,,,,,,,,,,,,
Y,0,0,0,0,0,0,0,0,0,0,0,0,0
,,,,,,,,,,,,,
Y,0,0,0,0,0,0,0,0,0,0,0,0,0
,,,,,,,,,,,,,
,,,,,,,,,,,,,
,,,,,,,,,,,,,
,,,,,,,,,,,,,
,,,,,,,,,,,,,
,,,,,,,,,,,,,
,,,,,,,,,,,,,
,,,,,,,,,,,,,
,,,,,,,,,,,,,
,,,,,,,,,,,,,
,,,,,,,,,,,,,
,,,,,,,,,,,,,
Y,439,449,439,439,439,449,439,439,439,449,459,439,439
Y,696,719,699,699,699,699,699,699,699,719,719,689,699
,,,,,,,,,,,,,
,,,,,,,,,,,,,
,,,,,,,,,,,,,
,,,,,,,,,,,,,
,,,,,,,,,,,,,
Y,379,399,399,399,399,399,,,,379,399,439,419
Y,497,500,500,500,500,500,,,,500,500,500,500
Y,299,299,299,299,299,299,299,299,299,299,299,299,299
,,,,,,,,,,,,,
,,,,,,,,,,,,,
,,,,,,,,,,,,,
Y,497/511,500,500/511,500,500/511,500/501,500,500,500,500,500,500,500
Y,99,99,99,99,99,99,99,100,99,99,99,99,99
Y,599,599,599,599,599,599,599,599,599,599,599,599,649
Y,849,839,839,859,859,839,754,754,754,859,839,754,794
,,,,,,,,,,,,,
,,,,,,,,,,,,,
,,,,,,,,,,,,,
Y,419,439,439,439,439,439,,,,419,439,499,489
Y,656,659,659,649,659,659,,,,649,659,699,749
,,,,,,,,,,,,,
,,,,,,,,,,,,,
,,,,,,,,,,,,,
,,,,,,,,,,,,,
,,,,,,,,,,,,,
,,,,,,,,,,,,,
,,,,,,,,,,,,,
,,,,,,,,,,,,,
,,,,,,,,,,,,,
,,,,,,,,,,,,,
,,,,,,,,,,,,,
,,,,,,,,,,,,,
,,,,,,,,,,,,,
,,,,,,,,,,,,,
,,,,,,,,,,,,,
,,,,,,,,,,,,,
,,,,,,,,,,,,,
,,,,,,,,,,,,,
,,,,,,,,,,,,,
,,,,,,,,,,,,,
,,,,,,,,,,,,,
,,,,,,,,,,,,,
,,,,,,,,,,,,,
,,,,,,,,,,,,,
,,,,,,,,,,,,,
,,,,,,,,,,,,,
,,,,,,,,,,,,,
Y,499,519,519,519,519,539,,,,519,539,539,519
Y,716,719,739,709,739,739,,,,709,739,759,799
Y,159,179,189,189,189,199,,,,169,199,269,249
,,,,,,,,,,,,,
Y,497,500,500,500,500,500,,,,500,500,500,500
,,,,,,,,,,,,,
,,,,,,,,,,,,,
,,,,,,,,,,,,,
Y,319,319,319,319,319,319,,,,319,319,319,319
,,,,,,,,,,,,,
,,,,,,,,,,,,,
,,,,,,,,,,,,,
,,,,,,,,,,,,,
,,,,,,,,,,,,,
,,,,,,,,,,,,,
Y,569,529,569,549,549,569,,,,549,569,599,569
Y,766,779,769,759,789,789,,,,759,789,819,859
Y,499,519,519,519,519,539,,,,519,539,539,519
Y,716,719,739,709,739,739,,,,709,739,759,799
,,,,,,,,,,,,,
,,,,,,,,,,,,,
,,,,,,,,,,,,,
,,,,,,,,,,,,,
,,,,,,,,,,,,,
,,,,,,,,,,,,,
,,,,,,,,,,,,,
,,,,,,,,,,,,,
Y,50,50,50,50,50,50,60,60,60,50,50,60,60
Y,50,50,50,50,50,50,50,50,50,50,50,50,50
,,,,,,,,,,,,,
,,,,,,,,,,,,,
,,,,,,,,,,,,,
,,,,,,,,,,,,,
,,,,,,,,,,,,,
,,,,,,,,,,,,,
,,,,,,,,,,,,,
,,,,,,,,,,,,,
Y,30,30,30,30,30,30,,,,30,30,30,30
,,,,,,,,,,,,,
,,,,,,,,,,,,,
,,,,,,,,,,,,,
,,,,,,,,,,,,,
,,,,,,,,,,,,,
,,,,,,,,,,,,,
,,,,,,,,,,,,,
,,,,,,,,,,,,,
,,,,,,,,,,,,,
,,,,,,,,,,,,,
,,,,,,,,,,,,,
,,,,,,,,,,,,,
,,,,,,,,,,,,,
,,,,,,,,,,,,,
,,,,,,,,,,,,,
,,,,,,,,,,,,,
,,,,,,,,,,,,,
Y,289,289,289,289,289,289,289,289,289,289,289,289,289
,,,,,,,,,,,,,
Y,319,299,299,299,299,299,,,,319,319,339,339
,,,,,,,,,,,,,
,,,,,,,,,,,,,
,,,,,,,,,,,,,
,,,,,,,,,,,,,
,,,,,,,,,,,,,
,,,,,,,,,,,,,
,,,,,,,,,,,,,
Y,100,119,100,100,100,100,100,100,100,119,119,100,100
Y,100,119,100,100,100,100,100,100,100,119,119,100,100
Y,100,119,100,100,100,100,100,100,100,119,119,100,100
Y,100,119,100,100,100,100,100,100,100,119,119,100,100
,,,,,,,,,,,,,
,,,,,,,,,,,,,
,,,,,,,,,,,,,
,,,,,,,,,,,,,
Y,,30,30,30,30,30,30,30,30,30,30,30,30
,,,,,,,,,,,,,
Y,219,219,239,219,239,219,,,,219,219,229,229
Y,169,169,169,169,169,169,,,,169,169,169,169
Y,179,179,199,179,179,199,179,179,179,199,199,179,199
,,,,,,,,,,,,,
Y,299,299,299,299,299,299,339,339,319,299,299,319,319
,,,,,,,,,,,,,
Y,269,269,269,269,269,269,,,,269,269,309,299
,,,,,,,,,,,,,
Y,,300,,,,,,,,300,,,300
Y,219,219,219,219,219,219,269,269,269,219,219,269,269
Y,289,289,289,289,289,289,,,,289,289,359,349
,,,,,,,,,,,,,
,,,,,,,,,,,,,
,,,,,,,,,,,,,
,,,,,,,,,,,,,
,,,,,,,,,,,,,
,,,,,,,,,,,,,
,,,,,,,,,,,,,
Y,339,329,339,339,359,339,339,339,339,319,299,339,359
Y,179,179,199,179,179,199,179,179,179,199,199,179,199
,,,,,,,,,,,,,
Y,289,269,289,279,289,289,319,319,319,279,289,319,299
Y,344,344,344,344,344,,,,,344,344,344,344
,,,,,,,,,,,,,
,,,,,,,,,,,,,
Y,179,179,199,179,179,199,179,179,179,199,199,179,199
Y,,,,,,,,,,250,,,250
Y,,300,,,,,,,,300,,,300
,,,,,,,,,,,,,
,,,,,,,,,,,,,
Y,179,179,199,179,179,199,179,179,179,199,199,179,199
Y,100,149,100,100,100,100,100,100,100,149,149,100,100
Y,,,,,,,,,,300,,,300
Y,289,289,289,289,289,289,,,,289,289,359,349
,,,,,,,,,,,,,
,,,,,,,,,,,,,
Y,179,179,199,179,179,199,179,179,179,199,199,179,199
,,,,,,,,,,,,,
Y,179,179,199,179,179,199,179,179,179,199,199,179,199
Y,179,169,199,179,179,199,179,179,179,189,189,179,199
Y,100,149,100,100,100,100,100,100,100,149,149,100,100
,,,,,,,,,,,,,
Y,146,159,146,146,146,146,159,159,159,159,146,146,146
Y,219,219,219,219,219,219,269,269,269,219,219,269,269
,,,,,,,,,,,,,
,,,,,,,,,,,,,
,,,,,,,,,,,,,
,,,,,,,,,,,,,
,,,,,,,,,,,,,
,,,,,,,,,,,,,
Y,269,269,269,269,269,269,,,,269,269,309,299
,,,,,,,,,,,,,
,,,,,,,,,,,,,
Y,289,289,289,289,289,289,,,,289,289,359,349
,,,,,,,,,,,,,
Y,,229,229,,,229,,,,229,229,229,229
,,,,,,,,,,,,,
,,,,,,,,,,,,,
,,,,,,,,,,,,,
Y,319,319,319,319,319,319,339,339,319,319,319,319,319
,,,,,,,,,,,,,
,,,,,,,,,,,,,
,,,,,,,,,,,,,
,,,,,,,,,,,,,
Y,299,299,299,299,299,299,,,,299,299,319,319
,,,,,,,,,,,,,
,,,,,,,,,,,,,
Y,219,219,239,239,219,239,,,,239,239,219,239
Y,146,159,146,146,146,146,159,159,159,159,146,146,146
Y,169,169,169,169,169,169,,,,169,169,169,169
Y,100,149,100,100,100,100,100,100,100,149,149,100,100
Y,100,149,100,100,100,100,100,100,100,149,149,100,100
Y,100,100,100,100,100,100,100,100,100,100,100,100,100
Y,100,100,100,100,100,100,,,,100,100,100,100
,,,,,,,,,,,,,
,,,,,,,,,,,,,
,,,,,,,,,,,,,
,,,,,,,,,,,,,
Y,339,329,339,339,359,339,339,339,339,319,299,339,359
Y,179,179,199,179,179,199,179,179,179,199,199,179,199
Y,319,319,319,319,319,319,339,339,319,319,319,319,319
Y,339,329,339,339,359,339,339,339,339,319,299,339,359
Y,,,,,,,,,,300,,,
Y,,,,,,,,,,,,,300
Y,344,344,344,344,344,,,,,344,344,344,344
Y,289,269,289,279,289,289,319,,319,279,289,319,299
Y,219,219,219,219,219,219,269,269,269,219,219,269,269
Y,339,329,339,339,359,339,339,339,339,319,299,339,359
Y,,229,229,,,229,,,,229,229,229,229
,,,,,,,,,,,,,
,,,,,,,,,,,,,
,,,,,,,,,,,,,
,,,,,,,,,,,,,
,,,,,,,,,,,,,
,,,,,,,,,,,,,
,,,,,,,,,,,,,
,,,,,,,,,,,,,
,,,,,,,,,,,,,
Y,339,359,319,339,359,339,349,349,349,349,339,349,349
Y,399,399,379,399,429,399,409,,409,409,399,409,409
,,,,,,,,,,,,,
Y,249,200,249,249,249,249,249,249,249,200,249,249,249
Y,249,200,249,249,249,249,249,249,249,200,249,249,249
Y,249,200,249,249,249,249,249,249,249,200,200,249,249
Y,249,200,249,249,249,249,249,249,249,200,200,249,249
Y,339,359,319,339,359,339,,,,349,339,349,349
Y,339,359,319,339,359,339,349,349,349,349,339,349,349
,,,,,,,,,,,,,
,,,,,,,,,,,,,
,,,,,,,,,,,,,
,,,,,,,,,,,,,
,,,,,,,,,,,,,
,,,,,,,,,,,,,
,,,,,,,,,,,,,
,,,,,,,,,,,,,
,,,,,,,,,,,,,
,,,,,,,,,,,,,
,,,,,,,,,,,,,
Y,,50,,,,,,,,,50,50,50
,,,,,,,,,,,,,
,,,,,,,,,,,,,
,,,,,,,,,,,,,
Y,1329,1329,1329,1349,1329,1339,1419,,1419,1329,1329,1419,1369
Y,849,829,829,829,829,849,879,,879,829,849,879,869
Y,849,829,829,829,829,849,879,879,879,829,849,879,869
Y,1329,1329,1329,1349,1329,1339,1439,1439,1439,1329,1329,1419,1389
Y,389,389,389,389,389,389,389,389,389,389,389,389,389
Y,389,389,389,389,389,389,389,,389,389,389,389,389
,,,,,,,,,,,,,
,,,,,,,,,,,,,
,,,,,,,,,,,,,
,,,,,,,,,,,,,
Y,500,500,500,500,500,500,500,500,500,500,500,500,500
Y,500,500,500,500,500,500,500,,500,500,500,500,500
Y,599,599,599,599,599,599,479,479,479,599,599,479,499
Y,849,839,839,859,859,839,634,634,634,859,839,634,644
,,,,,,,,,,,,,
,,,,,,,,,,,,,
Y,699,679,699,699,679,699,769,,769,679,699,769,749
Y,1179,1179,1179,1199,1179,1189,1239,,1239,1179,1179,1249,1219
Y,599,599,599,619,599,599,649,649,649,599,599,629,649
Y,999,1029,1059,1059,1059,1059,1059,1059,1059,1049,1039,1059,1059
Y,30/40,30/40,30/40,30/40,30/40,30/40,50/75,50/75,50/75,30/40,30/40,50/75,20/50
Y,699,679,699,699,679,699,769,769,769,679,699,769,749
Y,1179,1179,1179,1199,1179,1189,1239,1239,1239,1179,1179,1249,1319
Y,649,649,649,629,629,629,629,629,629,629,629,629,629
,,,,,,,,,,,,,
,,,,,,,,,,,,,
Y,1029,1049,1029,1049,1049,1029,1049,1049,1049,1049,1029,1049,1029
,,,,,,,,,,,,,
,,,,,,,,,,,,,
,,,,,,,,,,,,,
,,,,,,,,,,,,,
Y,0,0,0,0,0,0,0,0,0,0,0,0,0
,,,,,,,,,,,,,
,,,,,,,,,,,,,
,,,,,,,,,,,,,
,,,,,,,,,,,,,
,,,,,,,,,,,,,
,,,,,,,,,,,,,
,,,,,,,,,,,,,
,,,,,,,,,,,,,
,,,,,,,,,,,,,
,,,,,,,,,,,,,
,,,,,,,,,,,,,
,,,,,,,,,,,,,
,,,,,,,,,,,,,
,,,,,,,,,,,,,
,,,,,,,,,,,,,
,,,,,,,,,,,,,
,,,,,,,,,,,,,
,,,,,,,,,,,,,
,,,,,,,,,,,,,
,,,,,,,,,,,,,
Y,0,0,0,0,0,0,0,0,0,0,0,0,0
,,,,,,,,,,,,,
,,,,,,,,,,,,,
,,,,,,,,,,,,,
,,,,,,,,,,,,,
,,,,,,,,,,,,,
,,,,,,,,,,,,,
,,,,,,,,,,,,,
,,,,,,,,,,,,,
,,,,,,,,,,,,,
,,,,,,,,,,,,,
,,,,,,,,,,,,,
,,,,,,,,,,,,,
,,,,,,,,,,,,,
,,,,,,,,,,,,,
,,,,,,,,,,,,,
,,,,,,,,,,,,,
,,,,,,,,,,,,,
,,,,,,,,,,,,,
,,,,,,,,,,,,,
,,,,,,,,,,,,,
,,,,,,,,,,,,,
,,,,,,,,,,,,,
,,,,,,,,,,,,,
,,,,,,,,,,,,,
,,,,,,,,,,,,,
,,,,,,,,,,,,,
,,,,,,,,,,,,,
,,,,,,,,,,,,,
,,,,,,,,,,,,,
,,,,,,,,,,,,,
,,,,,,,,,,,,,
,,,,,,,,,,,,,
,,,,,,,,,,,,,
,,,,,,,,,,,,,
,,,,,,,,,,,,,
,,,,,,,,,,,,,
,,,,,,,,,,,,,
,,,,,,,,,,,,,
,,,,,,,,,,,,,
,,,,,,,,,,,,,
,,,,,,,,,,,,,
,,,,,,,,,,,,,
,,,,,,,,,,,,,
,,,,,,,,,,,,,
,,,,,,,,,,,,,
,,,,,,,,,,,,,
,,,,,,,,,,,,,
,,,,,,,,,,,,,
,,,,,,,,,,,,,
,,,,,,,,,,,,,
,,,,,,,,,,,,,
,,,,,,,,,,,,,
,,,,,,,,,,,,,
,,,,,,,,,,,,,
,,,,,,,,,,,,,
,,,,,,,,,,,,,
,,,,,,,,,,,,,
,,,,,,,,,,,,,
,,,,,,,,,,,,,
,,,,,,,,,,,,,
,,,,,,,,,,,,,
,,,,,,,,,,,,,
,,,,,,,,,,,,,
,,,,,,,,,,,,,
,,,,,,,,,,,,,
,,,,,,,,,,,,,
,,,,,,,,,,,,,
,,,,,,,,,,,,,
,,,,,,,,,,,,,
,,,,,,,,,,,,,
,,,,,,,,,,,,,
Y,30/40,30/40,30/40,30/40,30/40,30/40,40,40,40,30/40,30/40,30/40,40
Y,0,0,0,0,0,0,0,0,0,0,0,0,0
,,,,,,,,,,,,,
,,,,,,,,,,,,,
,,,,,,,,,,,,,
,,,,,,,,,,,,,
,,,,,,,,,,,,,
,,,,,,,,,,,,,
,,,,,,,,,,,,,
Y,369/379,369/379,369/379,369/389,369/379,369/379,379/399,379/399,379/399,369/379,369/379,379/399,379/399
Y,859,839,849,839,859,859,939,939,939,859,859,939,939
,,,,,,,,,,,,,
,,,,,,,,,,,,,
Y,699,699,699,719,699,699,,,,729,699,729,729
Y,1249,1219,1219,1239,1249,1239,,,,1319,1269,1299,1259
Y,699,699,699,719,699,699,,,,729,699,729,729
Y,1249,1219,1219,1239,1249,1239,,,,1319,1269,1299,1259
Y,40,40,40,40,40,40,40,40,40,40,40,40,40
,,,,,,,,,,,,,
,,,,,,,,,,,,,
,,,,,,,,,,,,,
,,,,,,,,,,,,,
,,,,,,,,,,,,,
,,,,,,,,,,,,,
Y,30,30,30,30,30,30,40,40,40,30,30,40,40
,,,,,,,,,,,,,
,,,,,,,,,,,,,
,,,,,,,,,,,,,
,,,,,,,,,,,,,
,,,,,,,,,,,,,
,,,,,,,,,,,,,
,,,,,,,,,,,,,
,,,,,,,,,,,,,
,,,,,,,,,,,,,
,,,,,,,,,,,,,
,,,,,,,,,,,,,
,,,,,,,,,,,,,
,,,,,,,,,,,,,
,,,,,,,,,,,,,
,,,,,,,,,,,,,
,,,,,,,,,,,,,
,,,,,,,,,,,,,
,,,,,,,,,,,,,
,,,,,,,,,,,,,
Y,169,169,169,169,169,169,169,169,169,169,169,169,169
,,,,,,,,,,,,,
,,,,,,,,,,,,,
Y,75,50,75,75,75,75,50,50,50,50,50,75,50
,,,,,,,,,,,,,
,,,,,,,,,,,,,
,,,,,,,,,,,,,
,,,,,,,,,,,,,
,,,,,,,,,,,,,
,,,,,,,,,,,,,
,,,,,,,,,,,,,
,,,,,,,,,,,,,
,,,,,,,,,,,,,
,,,,,,,,,,,,,
,,,,,,,,,,,,,
,,,,,,,,,,,,,
,,,,,,,,,,,,,
,,,,,,,,,,,,,
,,,,,,,,,,,,,
,,,,,,,,,,,,,
,,,,,,,,,,,,,
,,,,,,,,,,,,,
,,,,,,,,,,,,,
,,,,,,,,,,,,,
,,,,,,,,,,,,,
,,,,,,,,,,,,,
,,,,,,,,,,,,,
,,,,,,,,,,,,,
Y,219,219,219,219,219,219,219,219,219,219,219,219,219
,,,,,,,,,,,,,
,,,,,,,,,,,,,
,,,,,,,,,,,,,
,,,,,,,,,,,,,
,,,,,,,,,,,,,
Y,250,250,250,250,250,250,250,250,250,250,250,250,250
Y,0,0,0,0,0,0,0,0,0,0,0,0,0
,,,,,,,,,,,,,
,,,,,,,,,,,,,
,,,,,,,,,,,,,
Y,,30,30,,,30,,,,30,30,,40
,,,,,,,,,,,,,
,,,,,,,,,,,,,
,,,,,,,,,,,,,
,,,,,,,,,,,,,
,,,,,,,,,,,,,
,,,,,,,,,,,,,
,,,,,,,,,,,,,
,,,,,,,,,,,,,
,,,,,,,,,,,,,
,,,,,,,,,,,,,
Y,60,60,60,60,60,60,,,,60,60,60,60
,,,,,,,,,,,,,
Y,75,75,75,75,75,,,,,75,75,75,75
,,,,,,,,,,,,,
Y,99,99,99,99,99,99,99,99,99,99,99,99,99
,,,,,,,,,,,,,
,,,,,,,,,,,,,
,,,,,,,,,,,,,
,,,,,,,,,,,,,
,,,,,,,,,,,,,
,,,,,,,,,,,,,
,,,,,,,,,,,,,
,,,,,,,,,,,,,
,,,,,,,,,,,,,
,,,,,,,,,,,,,
,,,,,,,,,,,,,
Y,199,239,199,199,199,199,199,199,199,239,239,199,199
Y,199,239,199,199,199,199,199,199,199,239,239,199,199
,,,,,,,,,,,,,
Y,199,239,199,199,199,199,199,199,199,239,239,199,199
Y,199,239,199,199,199,199,199,199,199,239,239,199,199
Y,199,175,199,199,199,199,199,199,199,175,175,199,199
Y,199,175,199,199,199,199,,,,175,175,199,199
,,,,,,,,,,,,,
,,,,,,,,,,,,,
,,,,,,,,,,,,,
,,,,,,,,,,,,,
Y,100,100,100,100,100,100,100,100,100,100,100,100,100
,,,,,,,,,,,,,
,,,,,,,,,,,,,
